timestamp,"battery_soc"
"Nov 5, 2020 @ 14:59:56.310","0.42282795252365907"
"Nov 5, 2020 @ 14:59:51.246","0.4216782733188411"
"Nov 5, 2020 @ 14:59:46.172","0.4215410245499905"
"Nov 5, 2020 @ 14:59:41.114","0.4198362513257562"
"Nov 5, 2020 @ 14:59:36.055","0.4185123002332075"
"Nov 5, 2020 @ 14:59:30.983","0.41718540830925377"
"Nov 5, 2020 @ 14:59:25.913","0.41560426590040794"
"Nov 5, 2020 @ 14:59:20.798","0.41629431998408184"
"Nov 5, 2020 @ 14:59:15.725","0.416262656883599"
"Nov 5, 2020 @ 14:59:10.650","0.4165323678943205"
"Nov 5, 2020 @ 14:59:05.571","0.4160297379922004"
"Nov 5, 2020 @ 14:59:00.470","0.41571818726592463"
"Nov 5, 2020 @ 14:58:55.393","0.41541214548365124"
"Nov 5, 2020 @ 14:58:50.342","0.4138423470685923"
"Nov 5, 2020 @ 14:58:45.299","0.4135902756466984"
"Nov 5, 2020 @ 14:58:40.255","0.4125539995852073"
"Nov 5, 2020 @ 14:58:35.203","0.4107929494032852"
"Nov 5, 2020 @ 14:58:30.124","0.4085276782252869"
"Nov 5, 2020 @ 14:58:25.049","0.40825910424518325"
"Nov 5, 2020 @ 14:58:19.949","0.4090041441119927"
"Nov 5, 2020 @ 14:58:14.903","0.4097388664876751"
"Nov 5, 2020 @ 14:58:09.854","0.40886946057317985"
"Nov 5, 2020 @ 14:58:04.810","0.4091711406581354"
"Nov 5, 2020 @ 14:57:59.764","0.4083504313961962"
"Nov 5, 2020 @ 14:57:54.690","0.408122474933186"
"Nov 5, 2020 @ 14:57:49.635","0.4069521596240297"
"Nov 5, 2020 @ 14:57:44.571","0.4055587410691232"
"Nov 5, 2020 @ 14:57:39.522","0.4051724908202662"
"Nov 5, 2020 @ 14:57:34.478","0.40434831758630146"
"Nov 5, 2020 @ 14:57:29.403","0.4042533393040532"
"Nov 5, 2020 @ 14:57:24.338","0.40401806223483716"
"Nov 5, 2020 @ 14:57:19.262","0.404056036666756"
"Nov 5, 2020 @ 14:57:14.189","0.4044849149473557"
"Nov 5, 2020 @ 14:57:09.142","0.40432258568918367"
"Nov 5, 2020 @ 14:57:04.074","0.4042284457938627"
"Nov 5, 2020 @ 14:56:59.005","0.40465700290527234"
"Nov 5, 2020 @ 14:56:53.936","0.4052761050017521"
"Nov 5, 2020 @ 14:56:48.861","0.4052477985613965"
"Nov 5, 2020 @ 14:56:43.775","0.4046025681972577"
"Nov 5, 2020 @ 14:56:38.698","0.4036747737205234"
"Nov 5, 2020 @ 14:56:33.627","0.40314536333232925"
"Nov 5, 2020 @ 14:56:28.554","0.40275550902653673"
"Nov 5, 2020 @ 14:56:23.482","0.4016599535353876"
"Nov 5, 2020 @ 14:56:18.437","0.40076400157204545"
"Nov 5, 2020 @ 14:56:13.363","0.3999525317277905"
"Nov 5, 2020 @ 14:56:08.307","0.40056920547646174"
"Nov 5, 2020 @ 14:56:03.249","0.4000189451885316"
"Nov 5, 2020 @ 14:55:58.177","0.4006382384401428"
"Nov 5, 2020 @ 14:55:53.119","0.39934321954269975"
"Nov 5, 2020 @ 14:55:48.074","0.40019573195872676"
"Nov 5, 2020 @ 14:55:43.022","0.4000738414840678"
"Nov 5, 2020 @ 14:55:37.941","0.399908398084184"
"Nov 5, 2020 @ 14:55:32.869","0.40016877583511057"
"Nov 5, 2020 @ 14:55:27.797","0.3991164973946997"
"Nov 5, 2020 @ 14:55:22.721","0.39843154253426477"
"Nov 5, 2020 @ 14:55:17.650","0.3973974122256046"
"Nov 5, 2020 @ 14:55:12.577","0.39583853787416073"
"Nov 5, 2020 @ 14:55:07.505","0.3955286982483589"
"Nov 5, 2020 @ 14:55:02.435","0.39550244252695993"
"Nov 5, 2020 @ 14:54:57.362","0.3943786875072708"
"Nov 5, 2020 @ 14:54:52.275","0.39362711824392127"
"Nov 5, 2020 @ 14:54:47.199","0.39340422914200973"
"Nov 5, 2020 @ 14:54:42.105","0.3925865124836736"
"Nov 5, 2020 @ 14:54:37.027","0.3923698360359551"
"Nov 5, 2020 @ 14:54:31.943","0.39247137613446"
"Nov 5, 2020 @ 14:54:26.793","0.39230344089861846"
"Nov 5, 2020 @ 14:54:21.711","0.39163589128737225"
"Nov 5, 2020 @ 14:54:16.632","0.39112312725920134"
"Nov 5, 2020 @ 14:54:11.556","0.39034816760762775"
"Nov 5, 2020 @ 14:54:06.477","0.38924447196655215"
"Nov 5, 2020 @ 14:54:01.403","0.3877502111708001"
"Nov 5, 2020 @ 14:53:56.343","0.3865045339281407"
"Nov 5, 2020 @ 14:53:51.278","0.38693767089242653"
"Nov 5, 2020 @ 14:53:46.163","0.3878562405703007"
"Nov 5, 2020 @ 14:53:41.072","0.38801265330121254"
"Nov 5, 2020 @ 14:53:35.994","0.38788428691933524"
"Nov 5, 2020 @ 14:53:30.921","0.3879229313298365"
"Nov 5, 2020 @ 14:53:25.839","0.3874085615258508"
"Nov 5, 2020 @ 14:53:20.761","0.3867277512112212"
"Nov 5, 2020 @ 14:53:15.698","0.3862305783293873"
"Nov 5, 2020 @ 14:53:10.617","0.38415007223743664"
"Nov 5, 2020 @ 14:53:05.571","0.3836273517619727"
"Nov 5, 2020 @ 14:53:00.471","0.38294014745114363"
"Nov 5, 2020 @ 14:52:55.414","0.3814522713347587"
"Nov 5, 2020 @ 14:52:50.351","0.3793928093895505"
"Nov 5, 2020 @ 14:52:45.301","0.3781486390963472"
"Nov 5, 2020 @ 14:52:40.253","0.3787133297911804"
"Nov 5, 2020 @ 14:52:35.139","0.37850322776757594"
"Nov 5, 2020 @ 14:52:30.025","0.3766801406459745"
"Nov 5, 2020 @ 14:52:24.983","0.3765821559359699"
"Nov 5, 2020 @ 14:52:19.919","0.375232931352662"
"Nov 5, 2020 @ 14:52:14.855","0.3742087721666603"
"Nov 5, 2020 @ 14:52:09.802","0.3733831705812555"
"Nov 5, 2020 @ 14:52:04.759","0.372461672010381"
"Nov 5, 2020 @ 14:51:59.711","0.37213250041481505"
"Nov 5, 2020 @ 14:51:54.662","0.37272049851545774"
"Nov 5, 2020 @ 14:51:49.601","0.3725529820992535"
"Nov 5, 2020 @ 14:51:44.554","0.3728939206801341"
"Nov 5, 2020 @ 14:51:39.509","0.37289935397752705"
"Nov 5, 2020 @ 14:51:34.467","0.37140665453106025"
"Nov 5, 2020 @ 14:51:29.419","0.370097821633555"
"Nov 5, 2020 @ 14:51:24.351","0.37004544939231404"
"Nov 5, 2020 @ 14:51:19.270","0.3706761232142422"
"Nov 5, 2020 @ 14:51:14.191","0.3703849238697605"
"Nov 5, 2020 @ 14:51:09.109","0.37017105275699014"
"Nov 5, 2020 @ 14:51:04.058","0.3704754612103745"
"Nov 5, 2020 @ 14:50:59.010","0.3695547541025053"
"Nov 5, 2020 @ 14:50:53.938","0.3679008373830678"
"Nov 5, 2020 @ 14:50:48.859","0.36688354121908145"
"Nov 5, 2020 @ 14:50:43.781","0.3664951480515075"
"Nov 5, 2020 @ 14:50:38.705","0.3652742583511825"
"Nov 5, 2020 @ 14:50:33.625","0.36503910522102007"
"Nov 5, 2020 @ 14:50:28.552","0.3649837244821998"
"Nov 5, 2020 @ 14:50:23.479","0.36480557144940723"
"Nov 5, 2020 @ 14:50:18.407","0.36386620442745515"
"Nov 5, 2020 @ 14:50:13.330","0.36366925003012907"
"Nov 5, 2020 @ 14:50:08.255","0.3630177112658014"
"Nov 5, 2020 @ 14:50:03.172","0.3614981508997178"
"Nov 5, 2020 @ 14:49:58.090","0.3601803330268856"
"Nov 5, 2020 @ 14:49:53.017","0.35994548720996683"
"Nov 5, 2020 @ 14:49:47.940","0.35921067102268167"
"Nov 5, 2020 @ 14:49:42.885","0.3585077921803985"
"Nov 5, 2020 @ 14:49:37.804","0.35860982328999885"
"Nov 5, 2020 @ 14:49:32.725","0.35769950373076126"
"Nov 5, 2020 @ 14:49:27.648","0.35756645569973244"
"Nov 5, 2020 @ 14:49:22.569","0.3570836273262643"
"Nov 5, 2020 @ 14:49:17.498","0.3566212254359411"
"Nov 5, 2020 @ 14:49:12.415","0.35592630832378275"
"Nov 5, 2020 @ 14:49:07.338","0.3552336113701589"
"Nov 5, 2020 @ 14:49:02.262","0.3545027895968275"
"Nov 5, 2020 @ 14:48:57.196","0.3539487347763276"
"Nov 5, 2020 @ 14:48:52.125","0.35321480841895564"
"Nov 5, 2020 @ 14:48:47.034","0.35218569047180975"
"Nov 5, 2020 @ 14:48:41.957","0.3511653056038724"
"Nov 5, 2020 @ 14:48:36.878","0.35157151049043006"
"Nov 5, 2020 @ 14:48:31.802","0.3516565713545998"
"Nov 5, 2020 @ 14:48:26.721","0.35144740393897106"
"Nov 5, 2020 @ 14:48:21.645","0.3507848260005011"
"Nov 5, 2020 @ 14:48:16.567","0.3499669285249461"
"Nov 5, 2020 @ 14:48:11.493","0.34943459506534447"
"Nov 5, 2020 @ 14:48:06.418","0.3488872840814427"
"Nov 5, 2020 @ 14:48:01.354","0.3489131015010138"
"Nov 5, 2020 @ 14:47:56.274","0.34783115197989367"
"Nov 5, 2020 @ 14:47:51.214","0.34638992669093666"
"Nov 5, 2020 @ 14:47:46.133","0.344979047727996"
"Nov 5, 2020 @ 14:47:41.062","0.34338690699836627"
"Nov 5, 2020 @ 14:47:35.989","0.34197805273898124"
"Nov 5, 2020 @ 14:47:30.917","0.34067500689604635"
"Nov 5, 2020 @ 14:47:25.847","0.34090506237348894"
"Nov 5, 2020 @ 14:47:20.769","0.34036243447860504"
"Nov 5, 2020 @ 14:47:15.725","0.33930672984280624"
"Nov 5, 2020 @ 14:47:10.650","0.33935802830286815"
"Nov 5, 2020 @ 14:47:05.567","0.33848827052150066"
"Nov 5, 2020 @ 14:47:00.498","0.337779091570725"
"Nov 5, 2020 @ 14:46:55.421","0.33589252040699236"
"Nov 5, 2020 @ 14:46:50.345","0.33483264250947437"
"Nov 5, 2020 @ 14:46:45.298","0.3329000206618242"
"Nov 5, 2020 @ 14:46:40.228","0.3329362625944544"
"Nov 5, 2020 @ 14:46:35.182","0.33296753471259566"
"Nov 5, 2020 @ 14:46:30.085","0.33306587955761646"
"Nov 5, 2020 @ 14:46:25.005","0.33294217931003683"
"Nov 5, 2020 @ 14:46:19.962","0.33259393426774664"
"Nov 5, 2020 @ 14:46:14.915","0.3326610690628314"
"Nov 5, 2020 @ 14:46:09.878","0.33167409944178955"
"Nov 5, 2020 @ 14:46:04.836","0.33020254871440974"
"Nov 5, 2020 @ 14:45:59.784","0.3297571088856104"
"Nov 5, 2020 @ 14:45:54.739","0.3283081850978892"
"Nov 5, 2020 @ 14:45:49.672","0.32744497436150566"
"Nov 5, 2020 @ 14:45:44.607","0.32697602669484294"
"Nov 5, 2020 @ 14:45:39.551","0.326244315095797"
"Nov 5, 2020 @ 14:45:34.505","0.32541986947581647"
"Nov 5, 2020 @ 14:45:29.462","0.32434590491018256"
"Nov 5, 2020 @ 14:45:24.383","0.32398714813981083"
"Nov 5, 2020 @ 14:45:19.315","0.3236360993044817"
"Nov 5, 2020 @ 14:45:14.239","0.3228792836544159"
"Nov 5, 2020 @ 14:45:09.188","0.3231353607837355"
"Nov 5, 2020 @ 14:45:04.114","0.32285116396032154"
"Nov 5, 2020 @ 14:44:59.063","0.322102301575872"
"Nov 5, 2020 @ 14:44:53.994","0.3219939919062394"
"Nov 5, 2020 @ 14:44:48.913","0.32095847421951146"
"Nov 5, 2020 @ 14:44:43.846","0.31987908884839156"
"Nov 5, 2020 @ 14:44:38.773","0.3192242814876061"
"Nov 5, 2020 @ 14:44:33.699","0.3192383090013899"
"Nov 5, 2020 @ 14:44:28.625","0.3187588365503177"
"Nov 5, 2020 @ 14:44:23.546","0.31749885702499886"
"Nov 5, 2020 @ 14:44:18.478","0.31665130763423566"
"Nov 5, 2020 @ 14:44:13.432","0.31550349682440076"
"Nov 5, 2020 @ 14:44:08.372","0.3143941400752498"
"Nov 5, 2020 @ 14:44:03.262","0.3140820862606168"
"Nov 5, 2020 @ 14:43:58.183","0.31343873828942403"
"Nov 5, 2020 @ 14:43:53.110","0.31221832392045284"
"Nov 5, 2020 @ 14:43:48.041","0.31226675808980414"
"Nov 5, 2020 @ 14:43:42.966","0.3119733653162193"
"Nov 5, 2020 @ 14:43:37.894","0.31235345555686694"
"Nov 5, 2020 @ 14:43:32.821","0.31201285951591345"
"Nov 5, 2020 @ 14:43:27.742","0.3120097693735564"
"Nov 5, 2020 @ 14:43:22.657","0.3121767944869608"
"Nov 5, 2020 @ 14:43:17.586","0.31172486535557503"
"Nov 5, 2020 @ 14:43:12.515","0.31156684690461894"
"Nov 5, 2020 @ 14:43:07.453","0.31144824554491995"
"Nov 5, 2020 @ 14:43:02.367","0.3117544560505716"
"Nov 5, 2020 @ 14:42:57.290","0.311007784849331"
"Nov 5, 2020 @ 14:42:52.217","0.3103504552284056"
"Nov 5, 2020 @ 14:42:47.146","0.31064179773921613"
"Nov 5, 2020 @ 14:42:42.074","0.31106755164621447"
"Nov 5, 2020 @ 14:42:36.994","0.31052004740716593"
"Nov 5, 2020 @ 14:42:31.853","0.309960708760474"
"Nov 5, 2020 @ 14:42:26.778","0.3093618590458126"
"Nov 5, 2020 @ 14:42:21.723","0.30819802375522254"
"Nov 5, 2020 @ 14:42:16.653","0.30758082768847705"
"Nov 5, 2020 @ 14:42:11.585","0.3070593223247966"
"Nov 5, 2020 @ 14:42:06.510","0.3056825468060949"
"Nov 5, 2020 @ 14:42:01.459","0.3055193530115659"
"Nov 5, 2020 @ 14:41:56.374","0.30506523427983856"
"Nov 5, 2020 @ 14:41:51.327","0.3047052034276177"
"Nov 5, 2020 @ 14:41:46.253","0.303373791607453"
"Nov 5, 2020 @ 14:41:41.178","0.30169714956023785"
"Nov 5, 2020 @ 14:41:36.105","0.300921181283402"
"Nov 5, 2020 @ 14:41:31.035","0.3000487778854455"
"Nov 5, 2020 @ 14:41:25.955","0.29966179186409236"
"Nov 5, 2020 @ 14:41:20.890","0.2996212835457468"
"Nov 5, 2020 @ 14:41:15.822","0.29949927217605926"
"Nov 5, 2020 @ 14:41:10.745","0.29816725690988277"
"Nov 5, 2020 @ 14:41:05.669","0.29748619328745035"
"Nov 5, 2020 @ 14:41:00.595","0.2966313185766868"
"Nov 5, 2020 @ 14:40:55.545","0.29634678014880655"
"Nov 5, 2020 @ 14:40:50.458","0.29587382946668755"
"Nov 5, 2020 @ 14:40:45.388","0.29482225157367764"
"Nov 5, 2020 @ 14:40:40.309","0.2938630069068218"
"Nov 5, 2020 @ 14:40:35.209","0.2940577679021634"
"Nov 5, 2020 @ 14:40:30.096","0.2940247152244976"
"Nov 5, 2020 @ 14:40:24.998","0.2930567709947682"
"Nov 5, 2020 @ 14:40:19.955","0.29238744615077256"
"Nov 5, 2020 @ 14:40:14.910","0.2920077552583728"
"Nov 5, 2020 @ 14:40:09.870","0.2906857585351831"
"Nov 5, 2020 @ 14:40:04.826","0.2901143776181218"
"Nov 5, 2020 @ 14:39:59.771","0.29007862615385244"
"Nov 5, 2020 @ 14:39:54.718","0.2891195870446554"
"Nov 5, 2020 @ 14:39:49.667","0.2875342805665109"
"Nov 5, 2020 @ 14:39:44.611","0.28749852890667904"
"Nov 5, 2020 @ 14:39:39.557","0.286172970730177"
"Nov 5, 2020 @ 14:39:34.513","0.28642893767437616"
"Nov 5, 2020 @ 14:39:29.469","0.285378280839138"
"Nov 5, 2020 @ 14:39:24.398","0.28347530700843815"
"Nov 5, 2020 @ 14:39:19.322","0.2825117114226687"
"Nov 5, 2020 @ 14:39:14.246","0.281936722342994"
"Nov 5, 2020 @ 14:39:09.173","0.28205410130093467"
"Nov 5, 2020 @ 14:39:04.096","0.2820182103348368"
"Nov 5, 2020 @ 14:38:59.028","0.2805936077395712"
"Nov 5, 2020 @ 14:38:53.948","0.27882937168514005"
"Nov 5, 2020 @ 14:38:48.871","0.278617472700031"
"Nov 5, 2020 @ 14:38:43.804","0.2771030709247029"
"Nov 5, 2020 @ 14:38:38.726","0.2753391955476781"
"Nov 5, 2020 @ 14:38:33.678","0.2753720048484825"
"Nov 5, 2020 @ 14:38:28.609","0.2737706856939377"
"Nov 5, 2020 @ 14:38:23.533","0.2734707482635089"
"Nov 5, 2020 @ 14:38:18.483","0.2725030996443373"
"Nov 5, 2020 @ 14:38:13.446","0.2718249950265138"
"Nov 5, 2020 @ 14:38:08.373","0.2709472315602993"
"Nov 5, 2020 @ 14:38:03.311","0.2699772815642317"
"Nov 5, 2020 @ 14:37:58.238","0.2691960161580669"
"Nov 5, 2020 @ 14:37:53.191","0.26861528941797297"
"Nov 5, 2020 @ 14:37:48.151","0.2676491956460869"
"Nov 5, 2020 @ 14:37:43.069","0.26658064140231036"
"Nov 5, 2020 @ 14:37:38.018","0.2658034740102523"
"Nov 5, 2020 @ 14:37:32.955","0.2650242042905726"
"Nov 5, 2020 @ 14:37:27.907","0.26472585250296904"
"Nov 5, 2020 @ 14:37:22.859","0.26357273861852193"
"Nov 5, 2020 @ 14:37:17.789","0.2620567120693782"
"Nov 5, 2020 @ 14:37:12.719","0.26184527743601665"
"Nov 5, 2020 @ 14:37:07.650","0.2608050281373373"
"Nov 5, 2020 @ 14:37:02.552","0.26068092677824367"
"Nov 5, 2020 @ 14:36:57.417","0.260439247244024"
"Nov 5, 2020 @ 14:36:52.336","0.25981626247672435"
"Nov 5, 2020 @ 14:36:47.263","0.2585377304013739"
"Nov 5, 2020 @ 14:36:42.183","0.2580136825577879"
"Nov 5, 2020 @ 14:36:37.127","0.2578680042009988"
"Nov 5, 2020 @ 14:36:32.050","0.25725072827394546"
"Nov 5, 2020 @ 14:36:26.995","0.25654795907750955"
"Nov 5, 2020 @ 14:36:21.941","0.2561383372935138"
"Nov 5, 2020 @ 14:36:16.898","0.2558155184794498"
"Nov 5, 2020 @ 14:36:11.854","0.2549188636072496"
"Nov 5, 2020 @ 14:36:06.811","0.2541825849589479"
"Nov 5, 2020 @ 14:36:01.722","0.25435184402243705"
"Nov 5, 2020 @ 14:35:56.602","0.25409836393115587"
"Nov 5, 2020 @ 14:35:51.499","0.2538454775837056"
"Nov 5, 2020 @ 14:35:46.406","0.2534952598711317"
"Nov 5, 2020 @ 14:35:41.359","0.25333973563298945"
"Nov 5, 2020 @ 14:35:36.318","0.2536758024275928"
"Nov 5, 2020 @ 14:35:31.278","0.25385874008768855"
"Nov 5, 2020 @ 14:35:26.236","0.25293091254392125"
"Nov 5, 2020 @ 14:35:21.195","0.2521886614263684"
"Nov 5, 2020 @ 14:35:16.147","0.2521146240615296"
"Nov 5, 2020 @ 14:35:11.091","0.25185509680754137"
"Nov 5, 2020 @ 14:35:06.037","0.25130185090766927"
"Nov 5, 2020 @ 14:35:00.982","0.25140012908511605"
"Nov 5, 2020 @ 14:34:55.917","0.25094296979408015"
"Nov 5, 2020 @ 14:34:50.810","0.25095526301066895"
"Nov 5, 2020 @ 14:34:45.703","0.2510450897472957"
"Nov 5, 2020 @ 14:34:40.593","0.25121718771860363"
"Nov 5, 2020 @ 14:34:35.496","0.2504574832545115"
"Nov 5, 2020 @ 14:34:30.400","0.25070783883635966"
"Nov 5, 2020 @ 14:34:25.327","0.25014319994614626"
"Nov 5, 2020 @ 14:34:20.280","0.2492980898410026"
"Nov 5, 2020 @ 14:34:15.205","0.24883066992959763"
"Nov 5, 2020 @ 14:34:10.127","0.24915489962846343"
"Nov 5, 2020 @ 14:34:05.082","0.24859337387781327"
"Nov 5, 2020 @ 14:34:00.039","0.24729900221359336"
"Nov 5, 2020 @ 14:33:54.993","0.24720634935313615"
"Nov 5, 2020 @ 14:33:49.952","0.24728569534435027"
"Nov 5, 2020 @ 14:33:44.891","0.24700700143601695"
"Nov 5, 2020 @ 14:33:39.838","0.24682316894929474"
"Nov 5, 2020 @ 14:33:34.776","0.24587284699026626"
"Nov 5, 2020 @ 14:33:29.726","0.24539871873632405"
"Nov 5, 2020 @ 14:33:24.683","0.24393036987565236"
"Nov 5, 2020 @ 14:33:19.639","0.24424321437143906"
"Nov 5, 2020 @ 14:33:14.579","0.24405909134877987"
"Nov 5, 2020 @ 14:33:09.535","0.24387305530866707"
"Nov 5, 2020 @ 14:33:04.494","0.24291765997206627"
"Nov 5, 2020 @ 14:32:59.440","0.24224006551212743"
"Nov 5, 2020 @ 14:32:54.383","0.24204669310284369"
"Nov 5, 2020 @ 14:32:49.338","0.24146649104736487"
"Nov 5, 2020 @ 14:32:44.301","0.24127386385901103"
"Nov 5, 2020 @ 14:32:39.240","0.2401327070612954"
"Nov 5, 2020 @ 14:32:34.191","0.23974808717079363"
"Nov 5, 2020 @ 14:32:29.138","0.2402578395584016"
"Nov 5, 2020 @ 14:32:24.090","0.24048698444505454"
"Nov 5, 2020 @ 14:32:19.039","0.2401018163880618"
"Nov 5, 2020 @ 14:32:13.971","0.23942250190222159"
"Nov 5, 2020 @ 14:32:08.923","0.2393191080998868"
"Nov 5, 2020 @ 14:32:03.878","0.23809004913867865"
"Nov 5, 2020 @ 14:31:58.835","0.2373134705684948"
"Nov 5, 2020 @ 14:31:53.762","0.23701517514848164"
"Nov 5, 2020 @ 14:31:48.685","0.23551822035011535"
"Nov 5, 2020 @ 14:31:43.570","0.2349204502965643"
"Nov 5, 2020 @ 14:31:38.479","0.23435271102945845"
"Nov 5, 2020 @ 14:31:33.378","0.23356371982973387"
"Nov 5, 2020 @ 14:31:28.293","0.23277748985584187"
"Nov 5, 2020 @ 14:31:23.206","0.23314603684520566"
"Nov 5, 2020 @ 14:31:18.151","0.232176944005723"
"Nov 5, 2020 @ 14:31:13.073","0.23231505624050222"
"Nov 5, 2020 @ 14:31:08.012","0.2313402564541377"
"Nov 5, 2020 @ 14:31:02.951","0.2309356459485739"
"Nov 5, 2020 @ 14:30:57.887","0.23129314320881358"
"Nov 5, 2020 @ 14:30:52.842","0.23041044793922894"
"Nov 5, 2020 @ 14:30:47.782","0.23037732237437708"
"Nov 5, 2020 @ 14:30:42.706","0.23006964469687738"
"Nov 5, 2020 @ 14:30:37.602","0.22985399950142205"
"Nov 5, 2020 @ 14:30:32.530","0.23007359344490436"
"Nov 5, 2020 @ 14:30:27.458","0.22953243166559165"
"Nov 5, 2020 @ 14:30:22.366","0.22938014641832555"
"Nov 5, 2020 @ 14:30:17.296","0.2282770862610164"
"Nov 5, 2020 @ 14:30:12.227","0.2276350447989978"
"Nov 5, 2020 @ 14:30:07.171","0.22653428698135544"
"Nov 5, 2020 @ 14:30:02.118","0.22534446872859468"
"Nov 5, 2020 @ 14:29:57.046","0.2245101094333148"
"Nov 5, 2020 @ 14:29:51.987","0.22434953437059033"
"Nov 5, 2020 @ 14:29:46.939","0.22389861076990383"
"Nov 5, 2020 @ 14:29:41.887","0.22457241865246572"
"Nov 5, 2020 @ 14:29:36.823","0.22557343739206268"
"Nov 5, 2020 @ 14:29:31.758","0.22512112473820123"
"Nov 5, 2020 @ 14:29:26.617","0.22486945566598318"
"Nov 5, 2020 @ 14:29:21.494","0.2248976022187406"
"Nov 5, 2020 @ 14:29:16.404","0.2250925656894126"
"Nov 5, 2020 @ 14:29:11.290","0.22389427856239605"
"Nov 5, 2020 @ 14:29:06.110","0.22446011598034565"
"Nov 5, 2020 @ 14:29:01.067","0.22430938366040842"
"Nov 5, 2020 @ 14:28:56.003","0.22376907678355626"
"Nov 5, 2020 @ 14:28:50.946","0.22379686213701594"
"Nov 5, 2020 @ 14:28:45.899","0.22414260122593982"
"Nov 5, 2020 @ 14:28:40.820","0.22441566132057358"
"Nov 5, 2020 @ 14:28:35.726","0.22460643997430818"
"Nov 5, 2020 @ 14:28:30.609","0.22562167908871847"
"Nov 5, 2020 @ 14:28:25.537","0.22596443894593013"
"Nov 5, 2020 @ 14:28:20.429","0.22551312317996702"
"Nov 5, 2020 @ 14:28:15.327","0.22619043221314797"
"Nov 5, 2020 @ 14:28:10.267","0.22536162452583008"
"Nov 5, 2020 @ 14:28:05.223","0.2255317564884744"
"Nov 5, 2020 @ 14:28:00.163","0.22562889639668218"
"Nov 5, 2020 @ 14:27:55.099","0.22477482423722997"
"Nov 5, 2020 @ 14:27:50.047","0.22527526789927635"
"Nov 5, 2020 @ 14:27:44.992","0.22604787883850666"
"Nov 5, 2020 @ 14:27:39.931","0.22537757736691125"
"Nov 5, 2020 @ 14:27:34.881","0.22479772052727748"
"Nov 5, 2020 @ 14:27:29.830","0.22563069614079467"
"Nov 5, 2020 @ 14:27:24.783","0.22572496750952692"
"Nov 5, 2020 @ 14:27:19.739","0.22599117714367203"
"Nov 5, 2020 @ 14:27:14.675","0.22580204729076947"
"Nov 5, 2020 @ 14:27:09.605","0.22696797870487936"
"Nov 5, 2020 @ 14:27:04.557","0.22746802294319757"
"Nov 5, 2020 @ 14:26:59.506","0.2272794087847627"
"Nov 5, 2020 @ 14:26:54.454","0.22762753281120415"
"Nov 5, 2020 @ 14:26:49.331","0.2276308576099866"
"Nov 5, 2020 @ 14:26:44.237","0.2279816275776002"
"Nov 5, 2020 @ 14:26:39.156","0.22816474870520795"
"Nov 5, 2020 @ 14:26:34.082","0.22816804307290775"
"Nov 5, 2020 @ 14:26:29.015","0.22817133044075127"
"Nov 5, 2020 @ 14:26:23.944","0.22826602342497776"
"Nov 5, 2020 @ 14:26:18.903","0.22853209787777531"
"Nov 5, 2020 @ 14:26:13.849","0.22917222150497155"
"Nov 5, 2020 @ 14:26:08.799","0.22951996537990524"
"Nov 5, 2020 @ 14:26:03.726","0.23036181804730174"
"Nov 5, 2020 @ 14:25:58.629","0.23036512577805396"
"Nov 5, 2020 @ 14:25:53.565","0.22997964233660026"
"Nov 5, 2020 @ 14:25:48.484","0.2293998155174778"
"Nov 5, 2020 @ 14:25:43.422","0.22872482387802265"
"Nov 5, 2020 @ 14:25:38.313","0.22795230678244674"
"Nov 5, 2020 @ 14:25:33.230","0.22795560676324753"
"Nov 5, 2020 @ 14:25:28.184","0.2287264578135855"
"Nov 5, 2020 @ 14:25:23.131","0.22769639293348398"
"Nov 5, 2020 @ 14:25:18.079","0.22769967212843206"
"Nov 5, 2020 @ 14:25:13.027","0.22675810434309468"
"Nov 5, 2020 @ 14:25:07.967","0.22718453475595987"
"Nov 5, 2020 @ 14:25:02.911","0.22745140377509734"
"Nov 5, 2020 @ 14:24:57.867","0.22726300414427866"
"Nov 5, 2020 @ 14:24:52.789","0.22677964680056273"
"Nov 5, 2020 @ 14:24:47.722","0.22728168267819926"
"Nov 5, 2020 @ 14:24:42.650","0.22763086048127143"
"Nov 5, 2020 @ 14:24:37.599","0.22789733114137511"
"Nov 5, 2020 @ 14:24:32.512","0.2280809008041536"
"Nov 5, 2020 @ 14:24:27.444","0.22835285343699585"
"Nov 5, 2020 @ 14:24:22.374","0.2293342891213589"
"Nov 5, 2020 @ 14:24:17.272","0.2298400325476669"
"Nov 5, 2020 @ 14:24:12.211","0.2297394463369134"
"Nov 5, 2020 @ 14:24:07.173","0.23063789406516982"
"Nov 5, 2020 @ 14:24:02.121","0.23005132493050723"
"Nov 5, 2020 @ 14:23:57.071","0.2299883567031438"
"Nov 5, 2020 @ 14:23:52.015","0.2306568745298652"
"Nov 5, 2020 @ 14:23:46.969","0.23184556842367296"
"Nov 5, 2020 @ 14:23:41.909","0.23205600921766747"
"Nov 5, 2020 @ 14:23:36.865","0.2326549160890702"
"Nov 5, 2020 @ 14:23:31.819","0.23358516411762215"
"Nov 5, 2020 @ 14:23:26.749","0.23361663560723506"
"Nov 5, 2020 @ 14:23:21.693","0.23325975767329887"
"Nov 5, 2020 @ 14:23:16.624","0.23338568906811083"
"Nov 5, 2020 @ 14:23:11.547","0.23412860254956597"
"Nov 5, 2020 @ 14:23:06.457","0.2350712645260606"
"Nov 5, 2020 @ 14:23:01.392","0.23545276895069808"
"Nov 5, 2020 @ 14:22:56.276","0.23490298517913924"
"Nov 5, 2020 @ 14:22:51.230","0.2337362452777236"
"Nov 5, 2020 @ 14:22:46.187","0.2336780173512584"
"Nov 5, 2020 @ 14:22:41.135","0.23435073585207247"
"Nov 5, 2020 @ 14:22:36.079","0.2339024216920692"
"Nov 5, 2020 @ 14:22:31.031","0.23374659043461435"
"Nov 5, 2020 @ 14:22:25.963","0.23330087827588525"
"Nov 5, 2020 @ 14:22:20.906","0.2331494819485629"
"Nov 5, 2020 @ 14:22:15.831","0.2330955386209737"
"Nov 5, 2020 @ 14:22:10.779","0.23284582994371722"
"Nov 5, 2020 @ 14:22:05.719","0.23231041525261883"
"Nov 5, 2020 @ 14:22:00.633","0.2321627722218773"
"Nov 5, 2020 @ 14:21:55.584","0.23211049736941222"
"Nov 5, 2020 @ 14:21:50.535","0.2323299265349998"
"Nov 5, 2020 @ 14:21:45.478","0.2325496673796319"
"Nov 5, 2020 @ 14:21:40.422","0.23249597832069302"
"Nov 5, 2020 @ 14:21:35.371","0.23317332682237019"
"Nov 5, 2020 @ 14:21:30.325","0.23311974567165192"
"Nov 5, 2020 @ 14:21:25.271","0.23277235847107466"
"Nov 5, 2020 @ 14:21:20.158","0.23379079332343633"
"Nov 5, 2020 @ 14:21:15.095","0.23297492496444178"
"Nov 5, 2020 @ 14:21:10.047","0.23335989686085074"
"Nov 5, 2020 @ 14:21:04.986","0.23382384740324075"
"Nov 5, 2020 @ 14:20:59.917","0.2336720246876513"
"Nov 5, 2020 @ 14:20:54.863","0.23361836285767662"
"Nov 5, 2020 @ 14:20:49.826","0.2336589438752784"
"Nov 5, 2020 @ 14:20:44.779","0.23419631577561564"
"Nov 5, 2020 @ 14:20:39.734","0.233565813909275"
"Nov 5, 2020 @ 14:20:34.683","0.23266166833293817"
"Nov 5, 2020 @ 14:20:29.623","0.23296620548132552"
"Nov 5, 2020 @ 14:20:24.563","0.23364448604277832"
"Nov 5, 2020 @ 14:20:19.485","0.23319866268204067"
"Nov 5, 2020 @ 14:20:14.439","0.2329533613930007"
"Nov 5, 2020 @ 14:20:09.366","0.2326091805003746"
"Nov 5, 2020 @ 14:20:04.291","0.23274624117747028"
"Nov 5, 2020 @ 14:19:59.186","0.23259821073515358"
"Nov 5, 2020 @ 14:19:54.134","0.2327347619695806"
"Nov 5, 2020 @ 14:19:49.049","0.23287207209747"
"Nov 5, 2020 @ 14:19:43.999","0.23291741633304378"
"Nov 5, 2020 @ 14:19:38.946","0.2333074745534222"
"Nov 5, 2020 @ 14:19:33.897","0.23344379729043283"
"Nov 5, 2020 @ 14:19:28.854","0.23412480785660159"
"Nov 5, 2020 @ 14:19:23.804","0.2334981556931137"
"Nov 5, 2020 @ 14:19:18.738","0.23354367800715728"
"Nov 5, 2020 @ 14:19:13.598","0.2329052613146531"
"Nov 5, 2020 @ 14:19:08.515","0.23321553490633046"
"Nov 5, 2020 @ 14:19:03.470","0.23240734640066021"
"Nov 5, 2020 @ 14:18:58.432","0.23187541264898354"
"Nov 5, 2020 @ 14:18:53.361","0.23201245991952377"
"Nov 5, 2020 @ 14:18:48.278","0.23248323471301252"
"Nov 5, 2020 @ 14:18:43.234","0.23252850746920392"
"Nov 5, 2020 @ 14:18:38.191","0.23283675126708894"
"Nov 5, 2020 @ 14:18:33.143","0.23297308878865836"
"Nov 5, 2020 @ 14:18:28.048","0.2329236796237759"
"Nov 5, 2020 @ 14:18:22.995","0.23193618263479135"
"Nov 5, 2020 @ 14:18:17.936","0.23188714315689252"
"Nov 5, 2020 @ 14:18:12.886","0.23211122774540657"
"Nov 5, 2020 @ 14:18:07.841","0.23224880040419502"
"Nov 5, 2020 @ 14:18:02.775","0.23220904244227822"
"Nov 5, 2020 @ 14:17:57.680","0.23186506353238254"
"Nov 5, 2020 @ 14:17:52.601","0.23214236381757178"
"Nov 5, 2020 @ 14:17:47.502","0.2326248070734184"
"Nov 5, 2020 @ 14:17:42.417","0.2328305536791928"
"Nov 5, 2020 @ 14:17:37.319","0.23293707410426007"
"Nov 5, 2020 @ 14:17:32.225","0.23304806878449483"
"Nov 5, 2020 @ 14:17:27.147","0.23306057882683814"
"Nov 5, 2020 @ 14:17:22.074","0.23361133183986163"
"Nov 5, 2020 @ 14:17:17.027","0.23381559356471512"
"Nov 5, 2020 @ 14:17:11.975","0.23411108364534272"
"Nov 5, 2020 @ 14:17:06.923","0.23431550676064897"
"Nov 5, 2020 @ 14:17:01.879","0.23478254531261533"
"Nov 5, 2020 @ 14:16:56.798","0.23548840600882825"
"Nov 5, 2020 @ 14:16:51.701","0.23550096271028712"
"Nov 5, 2020 @ 14:16:46.625","0.2357978559545673"
"Nov 5, 2020 @ 14:16:41.531","0.23635163921593702"
"Nov 5, 2020 @ 14:16:36.417","0.2364630214889987"
"Nov 5, 2020 @ 14:16:31.324","0.23666916345266328"
"Nov 5, 2020 @ 14:16:26.225","0.236875429519788"
"Nov 5, 2020 @ 14:16:21.163","0.23688789495634105"
"Nov 5, 2020 @ 14:16:16.112","0.23727105640544138"
"Nov 5, 2020 @ 14:16:11.063","0.23765414065558116"
"Nov 5, 2020 @ 14:16:06.003","0.2379500657656092"
"Nov 5, 2020 @ 14:16:00.885","0.23806163339356898"
"Nov 5, 2020 @ 14:15:55.758","0.23777805243817043"
"Nov 5, 2020 @ 14:15:50.709","0.23807334277007597"
"Nov 5, 2020 @ 14:15:45.664","0.23789007535097328"
"Nov 5, 2020 @ 14:15:40.613","0.23809449490640883"
"Nov 5, 2020 @ 14:15:35.571","0.23829850280958667"
"Nov 5, 2020 @ 14:15:30.512","0.2384087239301333"
"Nov 5, 2020 @ 14:15:25.447","0.23870499454241892"
"Nov 5, 2020 @ 14:15:20.402","0.23925312104484797"
"Nov 5, 2020 @ 14:15:15.351","0.23988006272692394"
"Nov 5, 2020 @ 14:15:10.304","0.24034733916765033"
"Nov 5, 2020 @ 14:15:05.216","0.2407336094304694"
"Nov 5, 2020 @ 14:15:00.167","0.24074603953819815"
"Nov 5, 2020 @ 14:14:55.115","0.24095046885674795"
"Nov 5, 2020 @ 14:14:50.017","0.2415833493694951"
"Nov 5, 2020 @ 14:14:44.947","0.24228717616241008"
"Nov 5, 2020 @ 14:14:39.890","0.24283661354947572"
"Nov 5, 2020 @ 14:14:34.819","0.24246083201705843"
"Nov 5, 2020 @ 14:14:29.771","0.24349907914416616"
"Nov 5, 2020 @ 14:14:24.723","0.24388204466563274"
"Nov 5, 2020 @ 14:14:19.674","0.24379593143116204"
"Nov 5, 2020 @ 14:14:14.619","0.2441795099138226"
"Nov 5, 2020 @ 14:14:09.559","0.2446480294204537"
"Nov 5, 2020 @ 14:14:04.495","0.24466050438535233"
"Nov 5, 2020 @ 14:13:59.443","0.24504377696622726"
"Nov 5, 2020 @ 14:13:54.370","0.2452491679611774"
"Nov 5, 2020 @ 14:13:49.282","0.24572027660527435"
"Nov 5, 2020 @ 14:13:44.203","0.2466326508769209"
"Nov 5, 2020 @ 14:13:39.147","0.24747375928810167"
"Nov 5, 2020 @ 14:13:34.096","0.24785703356923483"
"Nov 5, 2020 @ 14:13:29.014","0.24863482026855502"
"Nov 5, 2020 @ 14:13:23.938","0.2488401948340748"
"Nov 5, 2020 @ 14:13:18.882","0.24930806679142986"
"Nov 5, 2020 @ 14:13:13.838","0.24993401559134096"
"Nov 5, 2020 @ 14:13:08.738","0.25056739174632026"
"Nov 5, 2020 @ 14:13:03.667","0.25095215386196634"
"Nov 5, 2020 @ 14:12:58.619","0.2503930316188581"
"Nov 5, 2020 @ 14:12:53.547","0.2508630194748754"
"Nov 5, 2020 @ 14:12:48.446","0.2520435758361974"
"Nov 5, 2020 @ 14:12:43.338","0.25309413360894006"
"Nov 5, 2020 @ 14:12:38.249","0.2538005282428456"
"Nov 5, 2020 @ 14:12:33.206","0.254183000562799"
"Nov 5, 2020 @ 14:12:28.155","0.25380868121313327"
"Nov 5, 2020 @ 14:12:23.095","0.2540134288844567"
"Nov 5, 2020 @ 14:12:18.021","0.2547183419952284"
"Nov 5, 2020 @ 14:12:12.959","0.25562716215457626"
"Nov 5, 2020 @ 14:12:07.903","0.2568623254389333"
"Nov 5, 2020 @ 14:12:02.858","0.2571573467989489"
"Nov 5, 2020 @ 14:11:57.789","0.25736250385540377"
"Nov 5, 2020 @ 14:11:52.713","0.2579927577483563"
"Nov 5, 2020 @ 14:11:47.667","0.25845978634413935"
"Nov 5, 2020 @ 14:11:42.534","0.2590178162229739"
"Nov 5, 2020 @ 14:11:37.451","0.25931506227671147"
"Nov 5, 2020 @ 14:11:32.325","0.25995118650631843"
"Nov 5, 2020 @ 14:11:27.267","0.2597675220583092"
"Nov 5, 2020 @ 14:11:22.226","0.2604674443780425"
"Nov 5, 2020 @ 14:11:17.179","0.2608504213310327"
"Nov 5, 2020 @ 14:11:12.127","0.26114591177423124"
"Nov 5, 2020 @ 14:11:07.034","0.2615324714065375"
"Nov 5, 2020 @ 14:11:01.959","0.26264133652375926"
"Nov 5, 2020 @ 14:10:56.836","0.263277445871081"
"Nov 5, 2020 @ 14:10:51.783","0.2638264164841405"
"Nov 5, 2020 @ 14:10:46.688","0.26474176391359766"
"Nov 5, 2020 @ 14:10:41.617","0.2657185856087113"
"Nov 5, 2020 @ 14:10:36.508","0.26635284866504866"
"Nov 5, 2020 @ 14:10:31.413","0.26733439604094417"
"Nov 5, 2020 @ 14:10:26.301","0.2676335390102892"
"Nov 5, 2020 @ 14:10:21.182","0.26764614204195564"
"Nov 5, 2020 @ 14:10:16.130","0.26756002792085837"
"Nov 5, 2020 @ 14:10:11.087","0.26859740757552153"
"Nov 5, 2020 @ 14:10:05.966","0.26971751651958764"
"Nov 5, 2020 @ 14:10:00.911","0.26972996219171"
"Nov 5, 2020 @ 14:09:55.860","0.27050266600806816"
"Nov 5, 2020 @ 14:09:50.806","0.2713440218614312"
"Nov 5, 2020 @ 14:09:45.759","0.27231655674114774"
"Nov 5, 2020 @ 14:09:40.683","0.2731616606251406"
"Nov 5, 2020 @ 14:09:35.624","0.2740704551774431"
"Nov 5, 2020 @ 14:09:30.579","0.27398441091275766"
"Nov 5, 2020 @ 14:09:25.536","0.27453242841661635"
"Nov 5, 2020 @ 14:09:20.465","0.27551057515997046"
"Nov 5, 2020 @ 14:09:15.348","0.27629334402428735"
"Nov 5, 2020 @ 14:09:10.262","0.27684581360286376"
"Nov 5, 2020 @ 14:09:05.190","0.2772306091629518"
"Nov 5, 2020 @ 14:09:00.123","0.2780054287861586"
"Nov 5, 2020 @ 14:08:55.063","0.2785553032815867"
"Nov 5, 2020 @ 14:08:50.018","0.2785677289273268"
"Nov 5, 2020 @ 14:08:44.971","0.2786777176698387"
"Nov 5, 2020 @ 14:08:39.903","0.28004477314739595"
"Nov 5, 2020 @ 14:08:34.851","0.28127895815089243"
"Nov 5, 2020 @ 14:08:29.803","0.2812913936709188"
"Nov 5, 2020 @ 14:08:24.723","0.28240191071317644"
"Nov 5, 2020 @ 14:08:19.671","0.2828696862213859"
"Nov 5, 2020 @ 14:08:14.615","0.2843609183799899"
"Nov 5, 2020 @ 14:08:09.555","0.28465687655370264"
"Nov 5, 2020 @ 14:08:04.508","0.2848610610901401"
"Nov 5, 2020 @ 14:07:59.462","0.2854872396038937"
"Nov 5, 2020 @ 14:07:54.414","0.2860362103983153"
"Nov 5, 2020 @ 14:07:49.346","0.2872093506172796"
"Nov 5, 2020 @ 14:07:44.261","0.2874150779765986"
"Nov 5, 2020 @ 14:07:39.191","0.2880446147682629"
"Nov 5, 2020 @ 14:07:34.111","0.28834160911406737"
"Nov 5, 2020 @ 14:07:29.064","0.2898293732498601"
"Nov 5, 2020 @ 14:07:24.007","0.290869466826709"
"Nov 5, 2020 @ 14:07:18.929","0.29184818968997683"
"Nov 5, 2020 @ 14:07:13.879","0.2923155293557783"
"Nov 5, 2020 @ 14:07:08.834","0.293016128583746"
"Nov 5, 2020 @ 14:07:03.780","0.2934846385757097"
"Nov 5, 2020 @ 14:06:58.682","0.29446646822372047"
"Nov 5, 2020 @ 14:06:53.617","0.2952412725258315"
"Nov 5, 2020 @ 14:06:48.501","0.2954483431333834"
"Nov 5, 2020 @ 14:06:43.391","0.2963662398769479"
"Nov 5, 2020 @ 14:06:38.315","0.2974755732871637"
"Nov 5, 2020 @ 14:06:33.219","0.29832354486489815"
"Nov 5, 2020 @ 14:06:28.170","0.2988721070766112"
"Nov 5, 2020 @ 14:06:23.114","0.2997138415157193"
"Nov 5, 2020 @ 14:06:18.071","0.30055357125241183"
"Nov 5, 2020 @ 14:06:12.997","0.301728566003671"
"Nov 5, 2020 @ 14:06:07.925","0.302837299675714"
"Nov 5, 2020 @ 14:06:02.878","0.3036090703279026"
"Nov 5, 2020 @ 14:05:57.827","0.30451643880757917"
"Nov 5, 2020 @ 14:05:52.758","0.30514584612632034"
"Nov 5, 2020 @ 14:05:47.686","0.30664177894028055"
"Nov 5, 2020 @ 14:05:42.610","0.3074183751539797"
"Nov 5, 2020 @ 14:05:37.536","0.3081230405661356"
"Nov 5, 2020 @ 14:05:32.446","0.3091037707079866"
"Nov 5, 2020 @ 14:05:27.363","0.31001687512299403"
"Nov 5, 2020 @ 14:05:22.266","0.31057059677309673"
"Nov 5, 2020 @ 14:05:17.218","0.31167336198969"
"Nov 5, 2020 @ 14:05:12.179","0.31277514558911573"
"Nov 5, 2020 @ 14:05:07.119","0.3140758233055356"
"Nov 5, 2020 @ 14:05:02.070","0.3144309907605697"
"Nov 5, 2020 @ 14:04:56.989","0.3150289381025393"
"Nov 5, 2020 @ 14:04:51.944","0.3156304911556086"
"Nov 5, 2020 @ 14:04:46.872","0.3165001877268133"
"Nov 5, 2020 @ 14:04:41.778","0.31711603082407586"
"Nov 5, 2020 @ 14:04:36.733","0.3180296980896333"
"Nov 5, 2020 @ 14:04:31.619","0.3185856511402287"
"Nov 5, 2020 @ 14:04:26.462","0.319145950842394"
"Nov 5, 2020 @ 14:04:21.302","0.3204080204615989"
"Nov 5, 2020 @ 14:04:16.235","0.32157885199398895"
"Nov 5, 2020 @ 14:04:11.167","0.32288157903882425"
"Nov 5, 2020 @ 14:04:06.095","0.32372653244907423"
"Nov 5, 2020 @ 14:04:01.026","0.3231650634439669"
"Nov 5, 2020 @ 14:03:55.903","0.3244167581954479"
"Nov 5, 2020 @ 14:03:50.843","0.3249665496270736"
"Nov 5, 2020 @ 14:03:45.791","0.32488037545532883"
"Nov 5, 2020 @ 14:03:40.692","0.32606192053629085"
"Nov 5, 2020 @ 14:03:35.628","0.32626667072557164"
"Nov 5, 2020 @ 14:03:30.576","0.32664984754934784"
"Nov 5, 2020 @ 14:03:25.531","0.3276217671723171"
"Nov 5, 2020 @ 14:03:20.480","0.328855605444094"
"Nov 5, 2020 @ 14:03:15.415","0.32932469459452274"
"Nov 5, 2020 @ 14:03:10.355","0.3301670932853023"
"Nov 5, 2020 @ 14:03:05.303","0.3310744571831163"
"Nov 5, 2020 @ 14:03:00.244","0.33224665448971397"
"Nov 5, 2020 @ 14:02:55.183","0.33287410249494653"
"Nov 5, 2020 @ 14:02:50.107","0.3341795640409503"
"Nov 5, 2020 @ 14:02:45.043","0.33528600497968114"
"Nov 5, 2020 @ 14:02:39.955","0.33567201099704214"
"Nov 5, 2020 @ 14:02:34.903","0.33605528583889877"
"Nov 5, 2020 @ 14:02:29.843","0.33729141895861"
"Nov 5, 2020 @ 14:02:24.790","0.3381324871614284"
"Nov 5, 2020 @ 14:02:19.746","0.3385995251394241"
"Nov 5, 2020 @ 14:02:14.702","0.3394392563050417"
"Nov 5, 2020 @ 14:02:09.651","0.3399070363829406"
"Nov 5, 2020 @ 14:02:04.579","0.34075143334597313"
"Nov 5, 2020 @ 14:01:59.531","0.3424196692210886"
"Nov 5, 2020 @ 14:01:54.486","0.34319141444755397"
"Nov 5, 2020 @ 14:01:49.439","0.3439637784274161"
"Nov 5, 2020 @ 14:01:44.357","0.34443449990623154"
"Nov 5, 2020 @ 14:01:39.267","0.34506641076264666"
"Nov 5, 2020 @ 14:01:34.194","0.3461750848621919"
"Nov 5, 2020 @ 14:01:29.143","0.34714777054733637"
"Nov 5, 2020 @ 14:01:24.098","0.34744279137744055"
"Nov 5, 2020 @ 14:01:19.015","0.3483566066662931"
"Nov 5, 2020 @ 14:01:13.913","0.3491369188293801"
"Nov 5, 2020 @ 14:01:08.863","0.34951987961182895"
"Nov 5, 2020 @ 14:01:03.787","0.34943325202007514"
"Nov 5, 2020 @ 14:00:58.711","0.34990328579374463"
"Nov 5, 2020 @ 14:00:53.666","0.3492537851470985"
"Nov 5, 2020 @ 14:00:48.597","0.35056245982564377"
"Nov 5, 2020 @ 14:00:43.524","0.35076772479731194"
"Nov 5, 2020 @ 14:00:38.448","0.3520722659565175"
"Nov 5, 2020 @ 14:00:33.370","0.35324780918088755"
"Nov 5, 2020 @ 14:00:28.259","0.3542319635200636"
"Nov 5, 2020 @ 14:00:23.186","0.3551436224644658"
"Nov 5, 2020 @ 14:00:18.131","0.35618267459384145"
"Nov 5, 2020 @ 14:00:13.083","0.357023074337598"
"Nov 5, 2020 @ 14:00:08.035","0.356649056723324"
"Nov 5, 2020 @ 14:00:02.975","0.35694501449263066"
"Nov 5, 2020 @ 13:59:57.906","0.35862114290555264"
"Nov 5, 2020 @ 13:59:52.854","0.359393519580037"
"Nov 5, 2020 @ 13:59:47.810","0.3602332590016658"
"Nov 5, 2020 @ 13:59:42.757","0.3614036114341287"
"Nov 5, 2020 @ 13:59:37.682","0.3619552119518432"
"Nov 5, 2020 @ 13:59:32.604","0.36351537532643485"
"Nov 5, 2020 @ 13:59:27.538","0.3644252809590132"
"Nov 5, 2020 @ 13:59:22.462","0.36463066878963385"
"Nov 5, 2020 @ 13:59:17.386","0.36518229182214695"
"Nov 5, 2020 @ 13:59:12.281","0.3658912320799904"
"Nov 5, 2020 @ 13:59:07.188","0.3665228717119343"
"Nov 5, 2020 @ 13:59:02.127","0.3669915184634441"
"Nov 5, 2020 @ 13:58:57.025","0.36784122773307754"
"Nov 5, 2020 @ 13:58:51.971","0.36785369089253045"
"Nov 5, 2020 @ 13:58:46.907","0.3680583117977263"
"Nov 5, 2020 @ 13:58:41.832","0.36936410134413905"
"Nov 5, 2020 @ 13:58:36.706","0.36999997103637"
"Nov 5, 2020 @ 13:58:31.628","0.3709120329277564"
"Nov 5, 2020 @ 13:58:26.546","0.3709245519680812"
"Nov 5, 2020 @ 13:58:21.467","0.3719693227174542"
"Nov 5, 2020 @ 13:58:16.422","0.37259478995856815"
"Nov 5, 2020 @ 13:58:11.375","0.37350144058455276"
"Nov 5, 2020 @ 13:58:06.331","0.37460400785158665"
"Nov 5, 2020 @ 13:58:01.229","0.37552094000601577"
"Nov 5, 2020 @ 13:57:56.183","0.3764923734502921"
"Nov 5, 2020 @ 13:57:51.135","0.37711894201010265"
"Nov 5, 2020 @ 13:57:46.059","0.37693455491111094"
"Nov 5, 2020 @ 13:57:41.004","0.37763650116792336"
"Nov 5, 2020 @ 13:57:35.943","0.3787429643095274"
"Nov 5, 2020 @ 13:57:30.890","0.37991240208664045"
"Nov 5, 2020 @ 13:57:25.816","0.38002308649832894"
"Nov 5, 2020 @ 13:57:20.706","0.3810064551150425"
"Nov 5, 2020 @ 13:57:15.643","0.38211434820507006"
"Nov 5, 2020 @ 13:57:10.590","0.3824096812506265"
"Nov 5, 2020 @ 13:57:05.541","0.3822262315167645"
"Nov 5, 2020 @ 13:57:00.491","0.3826092435782792"
"Nov 5, 2020 @ 13:56:55.439","0.38307702239785785"
"Nov 5, 2020 @ 13:56:50.394","0.3827979063015354"
"Nov 5, 2020 @ 13:56:45.341","0.38370551457962965"
"Nov 5, 2020 @ 13:56:40.295","0.3833315956772208"
"Nov 5, 2020 @ 13:56:35.236","0.3845026332871512"
"Nov 5, 2020 @ 13:56:30.169","0.38541265727737717"
"Nov 5, 2020 @ 13:56:25.058","0.38601522307593195"
"Nov 5, 2020 @ 13:56:19.987","0.38639905641364514"
"Nov 5, 2020 @ 13:56:14.926","0.38669501303945875"
"Nov 5, 2020 @ 13:56:09.875","0.3876023763805978"
"Nov 5, 2020 @ 13:56:04.823","0.38771245167331736"
"Nov 5, 2020 @ 13:55:59.773","0.38894614118769255"
"Nov 5, 2020 @ 13:55:54.719","0.38932957305020915"
"Nov 5, 2020 @ 13:55:49.674","0.38995551560725306"
"Nov 5, 2020 @ 13:55:44.599","0.3911305166501136"
"Nov 5, 2020 @ 13:55:39.542","0.39197224799321745"
"Nov 5, 2020 @ 13:55:34.498","0.39226727028755065"
"Nov 5, 2020 @ 13:55:29.407","0.3936418562679684"
"Nov 5, 2020 @ 13:55:24.313","0.39448957643428445"
"Nov 5, 2020 @ 13:55:19.243","0.39553272237064957"
"Nov 5, 2020 @ 13:55:14.195","0.3956426255499618"
"Nov 5, 2020 @ 13:55:09.143","0.3961916223309691"
"Nov 5, 2020 @ 13:55:04.080","0.39736367134341816"
"Nov 5, 2020 @ 13:54:59.023","0.39859902374887274"
"Nov 5, 2020 @ 13:54:53.955","0.3985125706476661"
"Nov 5, 2020 @ 13:54:48.899","0.39842632212943735"
"Nov 5, 2020 @ 13:54:43.843","0.40003965737097696"
"Nov 5, 2020 @ 13:54:38.783","0.40081445273578215"
"Nov 5, 2020 @ 13:54:33.709","0.4015188272071899"
"Nov 5, 2020 @ 13:54:28.637","0.40162933813924434"
"Nov 5, 2020 @ 13:54:23.563","0.4022592475206071"
"Nov 5, 2020 @ 13:54:18.456","0.40289281968978097"
"Nov 5, 2020 @ 13:54:13.408","0.40270952983100594"
"Nov 5, 2020 @ 13:54:08.317","0.4032629589700891"
"Nov 5, 2020 @ 13:54:03.251","0.40373185928417293"
"Nov 5, 2020 @ 13:53:58.195","0.4046406381211149"
"Nov 5, 2020 @ 13:53:53.130","0.4060694796628767"
"Nov 5, 2020 @ 13:53:48.087","0.4073660426043588"
"Nov 5, 2020 @ 13:53:43.037","0.4082730931370262"
"Nov 5, 2020 @ 13:53:37.983","0.40874103322028266"
"Nov 5, 2020 @ 13:53:32.917","0.4087535126724254"
"Nov 5, 2020 @ 13:53:27.724","0.40939827992973865"
"Nov 5, 2020 @ 13:53:22.643","0.4100287969698982"
"Nov 5, 2020 @ 13:53:17.562","0.4113994519035728"
"Nov 5, 2020 @ 13:53:12.515","0.4131743108948778"
"Nov 5, 2020 @ 13:53:07.442","0.41387922152237244"
"Nov 5, 2020 @ 13:53:02.366","0.4139898197890461"
"Nov 5, 2020 @ 13:52:57.322","0.41453752317389664"
"Nov 5, 2020 @ 13:52:52.229","0.4151700923421352"
"Nov 5, 2020 @ 13:52:47.182","0.41620718798795775"
"Nov 5, 2020 @ 13:52:42.125","0.4179869716253931"
"Nov 5, 2020 @ 13:52:37.077","0.419155309807189"
"Nov 5, 2020 @ 13:52:32.031","0.4195381683209117"
"Nov 5, 2020 @ 13:52:26.971","0.42008803636503383"
"Nov 5, 2020 @ 13:52:21.897","0.4213285166489693"
"Nov 5, 2020 @ 13:52:16.846","0.4214384667371331"
"Nov 5, 2020 @ 13:52:11.794","0.42198788331938486"
"Nov 5, 2020 @ 13:52:06.712","0.4229004956766033"
"Nov 5, 2020 @ 13:52:01.626","0.4237990181183885"
"Nov 5, 2020 @ 13:51:56.564","0.42353983399430384"
"Nov 5, 2020 @ 13:51:51.482","0.42521868725134043"
"Nov 5, 2020 @ 13:51:46.435","0.426058444097916"
"Nov 5, 2020 @ 13:51:41.323","0.4272426859579172"
"Nov 5, 2020 @ 13:51:36.235","0.42828899762196826"
"Nov 5, 2020 @ 13:51:31.186","0.4283014249104861"
"Nov 5, 2020 @ 13:51:26.133","0.42850589341655576"
"Nov 5, 2020 @ 13:51:21.087","0.4294123426118695"
"Nov 5, 2020 @ 13:51:16.039","0.4305158611104487"
"Nov 5, 2020 @ 13:51:10.987","0.43128883206105545"
"Nov 5, 2020 @ 13:51:05.926","0.43149357849751857"
"Nov 5, 2020 @ 13:51:00.882","0.43187624839110045"
"Nov 5, 2020 @ 13:50:55.831","0.4336538023688902"
"Nov 5, 2020 @ 13:50:50.767","0.43456331490334804"
"Nov 5, 2020 @ 13:50:45.715","0.43605337377916265"
"Nov 5, 2020 @ 13:50:40.674","0.43708991557832527"
"Nov 5, 2020 @ 13:50:35.619","0.4387608239012526"
"Nov 5, 2020 @ 13:50:30.567","0.4382930468918891"
"Nov 5, 2020 @ 13:50:25.517","0.4382069137367905"
"Nov 5, 2020 @ 13:50:20.455","0.43883518781240993"
"Nov 5, 2020 @ 13:50:15.391","0.4398108405472649"
"Nov 5, 2020 @ 13:50:10.339","0.4412373711614669"
"Nov 5, 2020 @ 13:50:05.291","0.4425349847215987"
"Nov 5, 2020 @ 13:50:00.243","0.4427392463885681"
"Nov 5, 2020 @ 13:49:55.178","0.4431237263336929"
"Nov 5, 2020 @ 13:49:50.064","0.44404212125847015"
"Nov 5, 2020 @ 13:49:44.953","0.44522523664587454"
"Nov 5, 2020 @ 13:49:39.902","0.4470998248163655"
"Nov 5, 2020 @ 13:49:34.847","0.448073950387877"
"Nov 5, 2020 @ 13:49:29.799","0.4489804865957595"
"Nov 5, 2020 @ 13:49:24.747","0.4505925952357025"
"Nov 5, 2020 @ 13:49:19.698","0.45201814381004224"
"Nov 5, 2020 @ 13:49:14.647","0.45350816112696385"
"Nov 5, 2020 @ 13:49:09.579","0.45474627841646537"
"Nov 5, 2020 @ 13:49:04.534","0.4558489151586868"
"Nov 5, 2020 @ 13:48:59.487","0.4572743393202161"
"Nov 5, 2020 @ 13:48:54.428","0.4582490159309946"
"Nov 5, 2020 @ 13:48:49.355","0.4592924751989363"
"Nov 5, 2020 @ 13:48:44.295","0.4610197863426221"
"Nov 5, 2020 @ 13:48:39.255","0.461858857305189"
"Nov 5, 2020 @ 13:48:34.203","0.46322159039989774"
"Nov 5, 2020 @ 13:48:29.151","0.46399447223279733"
"Nov 5, 2020 @ 13:48:24.080","0.4661278034114843"
"Nov 5, 2020 @ 13:48:19.018","0.4676817804283039"
"Nov 5, 2020 @ 13:48:13.951","0.4695639285374263"
"Nov 5, 2020 @ 13:48:08.896","0.469947358157049"
"Nov 5, 2020 @ 13:48:03.850","0.4703301726268474"
"Nov 5, 2020 @ 13:47:58.792","0.4710335468673388"
"Nov 5, 2020 @ 13:47:53.679","0.47241193205571336"
"Nov 5, 2020 @ 13:47:48.597","0.4739105742141501"
"Nov 5, 2020 @ 13:47:43.489","0.4745444562484802"
"Nov 5, 2020 @ 13:47:38.409","0.4757203829845878"
"Nov 5, 2020 @ 13:47:33.328","0.47760765342783335"
"Nov 5, 2020 @ 13:47:28.247","0.47823784838338573"
"Nov 5, 2020 @ 13:47:23.167","0.4792173483792242"
"Nov 5, 2020 @ 13:47:18.107","0.479767218133331"
"Nov 5, 2020 @ 13:47:13.025","0.4815556453405361"
"Nov 5, 2020 @ 13:47:07.948","0.48353011537370616"
"Nov 5, 2020 @ 13:47:02.892","0.48476456871132534"
"Nov 5, 2020 @ 13:46:57.846","0.48643207757789186"
"Nov 5, 2020 @ 13:46:52.798","0.4887025725276753"
"Nov 5, 2020 @ 13:46:47.717","0.4908380635402563"
"Nov 5, 2020 @ 13:46:42.612","0.4920204689149245"
"Nov 5, 2020 @ 13:46:37.527","0.49339174355520715"
"Nov 5, 2020 @ 13:46:32.433","0.49528293639010235"
"Nov 5, 2020 @ 13:46:27.386","0.49625475674699493"
"Nov 5, 2020 @ 13:46:22.339","0.49748779356934086"
"Nov 5, 2020 @ 13:46:17.295","0.4982596557468374"
"Nov 5, 2020 @ 13:46:12.235","0.49920201682839427"
"Nov 5, 2020 @ 13:46:07.190","0.49915107325311475"
"Nov 5, 2020 @ 13:46:02.139","0.5000005659303562"
"Nov 5, 2020 @ 13:45:34.027","0.2"
"Nov 5, 2020 @ 13:45:28.947","0.2"
"Nov 5, 2020 @ 13:45:23.894","0.2"
"Nov 5, 2020 @ 13:45:18.816","0.2"
"Nov 5, 2020 @ 13:45:13.700","0.2"
"Nov 5, 2020 @ 13:45:08.643","0.2"
"Nov 5, 2020 @ 13:45:03.532","0.2"
"Nov 5, 2020 @ 13:44:58.442","0.2"
"Nov 5, 2020 @ 13:44:53.365","0.2"
"Nov 5, 2020 @ 13:44:48.278","0.2"
"Nov 5, 2020 @ 13:44:43.225","0.2"
"Nov 5, 2020 @ 13:44:38.139","0.2"
"Nov 5, 2020 @ 13:44:33.086","0.2"
"Nov 5, 2020 @ 13:44:28.048","0.2"
"Nov 5, 2020 @ 13:44:22.963","0.2"
"Nov 5, 2020 @ 13:44:17.907","0.2"
"Nov 5, 2020 @ 13:44:12.863","0.2"
"Nov 5, 2020 @ 13:44:07.818","0.2"
"Nov 5, 2020 @ 13:44:02.758","0.2"
"Nov 5, 2020 @ 13:43:57.686","0.2"
"Nov 5, 2020 @ 13:43:52.606","0.2"
"Nov 5, 2020 @ 13:43:47.435","0.2"
"Nov 5, 2020 @ 13:43:42.320","0.2"
"Nov 5, 2020 @ 13:43:37.242","0.2"
"Nov 5, 2020 @ 13:43:32.198","0.20075226481558728"
"Nov 5, 2020 @ 13:43:27.127","0.20290937457208175"
"Nov 5, 2020 @ 13:43:22.059","0.20556336334449166"
"Nov 5, 2020 @ 13:43:17.015","0.20820663124313954"
"Nov 5, 2020 @ 13:43:11.951","0.21083515699482455"
"Nov 5, 2020 @ 13:43:06.887","0.21336756171729368"
"Nov 5, 2020 @ 13:43:01.839","0.21595860611558743"
"Nov 5, 2020 @ 13:42:56.791","0.21861511332684877"
"Nov 5, 2020 @ 13:42:51.724","0.22127035709845477"
"Nov 5, 2020 @ 13:42:46.643","0.2236930049550054"
"Nov 5, 2020 @ 13:42:41.574","0.22635869744821455"
"Nov 5, 2020 @ 13:42:36.454","0.22920295798186527"
"Nov 5, 2020 @ 13:42:31.379","0.23183042838687873"
"Nov 5, 2020 @ 13:42:26.306","0.23465019776935556"
"Nov 5, 2020 @ 13:42:21.267","0.2374482432456332"
"Nov 5, 2020 @ 13:42:16.200","0.24022554632914492"
"Nov 5, 2020 @ 13:42:11.158","0.24302414202252123"
"Nov 5, 2020 @ 13:42:06.108","0.24583018167375617"
"Nov 5, 2020 @ 13:42:01.061","0.24847464312369577"
"Nov 5, 2020 @ 13:41:56.005","0.2504811555692629"
"Nov 5, 2020 @ 13:41:50.928","0.2533032789378441"
"Nov 5, 2020 @ 13:41:45.854","0.25612231822964976"
"Nov 5, 2020 @ 13:41:40.799","0.2588443100689574"
"Nov 5, 2020 @ 13:41:35.726","0.2615390267119832"
"Nov 5, 2020 @ 13:41:30.646","0.26436123617616236"
"Nov 5, 2020 @ 13:41:25.519","0.2671043283195919"
"Nov 5, 2020 @ 13:41:20.438","0.26992642572703884"
"Nov 5, 2020 @ 13:41:15.316","0.2727718833868662"
"Nov 5, 2020 @ 13:41:10.220","0.275530294526116"
"Nov 5, 2020 @ 13:41:05.182","0.278331347652769"
"Nov 5, 2020 @ 13:41:00.134","0.2811336259860091"
"Nov 5, 2020 @ 13:40:55.087","0.2839380833326074"
"Nov 5, 2020 @ 13:40:50.048","0.2867372985169251"
"Nov 5, 2020 @ 13:40:44.995","0.2895324375388741"
"Nov 5, 2020 @ 13:40:39.939","0.29234132351057923"
"Nov 5, 2020 @ 13:40:34.890","0.295023989111555"
"Nov 5, 2020 @ 13:40:29.846","0.29770307770464266"
"Nov 5, 2020 @ 13:40:24.747","0.3005385649644015"
"Nov 5, 2020 @ 13:40:19.670","0.3033585625664404"
"Nov 5, 2020 @ 13:40:14.582","0.30590255413214473"
"Nov 5, 2020 @ 13:40:09.542","0.30870040794637577"
"Nov 5, 2020 @ 13:40:04.483","0.3115115341255411"
"Nov 5, 2020 @ 13:39:59.386","0.3140880934735719"
"Nov 5, 2020 @ 13:39:54.285","0.31692212942645787"
"Nov 5, 2020 @ 13:39:49.223","0.3197326166438312"
"Nov 5, 2020 @ 13:39:44.182","0.3225325756941157"
"Nov 5, 2020 @ 13:39:39.147","0.3253302365217524"
"Nov 5, 2020 @ 13:39:34.074","0.3281503351867779"
"Nov 5, 2020 @ 13:39:29.005","0.3309649670462394"
"Nov 5, 2020 @ 13:39:23.947","0.33377483755422144"
"Nov 5, 2020 @ 13:39:18.878","0.3365928022405092"
"Nov 5, 2020 @ 13:39:13.799","0.33941477143174253"
"Nov 5, 2020 @ 13:39:08.716","0.342238466508579"
"Nov 5, 2020 @ 13:39:03.639","0.3450588266393129"
"Nov 5, 2020 @ 13:38:58.593","0.34786012003891176"
"Nov 5, 2020 @ 13:38:53.516","0.3502488629209294"
"Nov 5, 2020 @ 13:38:48.431","0.3530732875586179"
"Nov 5, 2020 @ 13:38:43.312","0.355916557727982"
"Nov 5, 2020 @ 13:38:38.232","0.3587399938557506"
"Nov 5, 2020 @ 13:38:33.152","0.3613348537846552"
"Nov 5, 2020 @ 13:38:28.095","0.3641417349210196"
"Nov 5, 2020 @ 13:38:23.047","0.36694605067347286"
"Nov 5, 2020 @ 13:38:18.002","0.36974840344629156"
"Nov 5, 2020 @ 13:38:12.925","0.37257058363796736"
"Nov 5, 2020 @ 13:38:07.879","0.37537285865983827"
"Nov 5, 2020 @ 13:38:02.838","0.37817284963172143"
"Nov 5, 2020 @ 13:37:57.790","0.3809539988297292"
"Nov 5, 2020 @ 13:37:52.741","0.38357538460752566"
"Nov 5, 2020 @ 13:37:47.670","0.38639334929381347"
"Nov 5, 2020 @ 13:37:42.588","0.3892164842194438"
"Nov 5, 2020 @ 13:37:37.540","0.39198426782737295"
"Nov 5, 2020 @ 13:37:32.471","0.3947961187990187"
"Nov 5, 2020 @ 13:37:27.390","0.3976202668711555"
"Nov 5, 2020 @ 13:37:22.274","0.4004627268147149"
"Nov 5, 2020 @ 13:37:17.199","0.40328056593388434"
"Nov 5, 2020 @ 13:37:12.160","0.4060798905258389"
"Nov 5, 2020 @ 13:37:07.111","0.4088850088217204"
"Nov 5, 2020 @ 13:37:02.055","0.4116938983697042"
"Nov 5, 2020 @ 13:36:57.004","0.4144999721942688"
"Nov 5, 2020 @ 13:36:51.947","0.4172971245326543"
"Nov 5, 2020 @ 13:36:46.894","0.4201037836748306"
"Nov 5, 2020 @ 13:36:41.856","0.4229029238897506"
"Nov 5, 2020 @ 13:36:36.811","0.42566654808129506"
"Nov 5, 2020 @ 13:36:31.742","0.42842944332019384"
"Nov 5, 2020 @ 13:36:26.666","0.43091061353453564"
"Nov 5, 2020 @ 13:36:21.578","0.4337373251362168"
"Nov 5, 2020 @ 13:36:16.460","0.43658084299599365"
"Nov 5, 2020 @ 13:36:11.367","0.43941068662307564"
"Nov 5, 2020 @ 13:36:06.290","0.44223066276744244"
"Nov 5, 2020 @ 13:36:01.217","0.44485906658119306"
"Nov 5, 2020 @ 13:35:56.178","0.4474947553109609"
"Nov 5, 2020 @ 13:35:51.127","0.4501596636595465"
"Nov 5, 2020 @ 13:35:46.082","0.4529618409298"
"Nov 5, 2020 @ 13:35:41.027","0.45577050093367405"
"Nov 5, 2020 @ 13:35:35.973","0.45857858793822964"
"Nov 5, 2020 @ 13:35:30.911","0.46113598843150666"
"Nov 5, 2020 @ 13:35:25.869","0.46393697294659086"
"Nov 5, 2020 @ 13:35:20.827","0.46673820435735913"
"Nov 5, 2020 @ 13:35:15.781","0.46954259348975286"
"Nov 5, 2020 @ 13:35:10.704","0.4723626240730286"
"Nov 5, 2020 @ 13:35:05.631","0.4751826195557912"
"Nov 5, 2020 @ 13:35:00.543","0.47800911234219867"
"Nov 5, 2020 @ 13:34:55.458","0.48083370599216885"
"Nov 5, 2020 @ 13:34:50.385","0.4836515280246735"
"Nov 5, 2020 @ 13:34:45.282","0.48648700919151305"
"Nov 5, 2020 @ 13:34:40.238","0.48928708652390374"
"Nov 5, 2020 @ 13:34:35.190","0.4920915357907613"
"Nov 5, 2020 @ 13:34:30.142","0.4948466197384728"
"Nov 5, 2020 @ 13:34:25.091","0.49748489887979297"
"Nov 5, 2020 @ 13:34:20.032","0.5"
"Nov 5, 2020 @ 13:29:51.047","0.47566724947315675"
"Nov 5, 2020 @ 13:29:45.996","0.47841663967790427"
"Nov 5, 2020 @ 13:29:40.935","0.4812286182034899"
"Nov 5, 2020 @ 13:29:35.883","0.48403528184912825"
"Nov 5, 2020 @ 13:29:30.841","0.4868363642482846"
"Nov 5, 2020 @ 13:29:25.795","0.4895738219409077"
"Nov 5, 2020 @ 13:29:20.725","0.4921377501026348"
"Nov 5, 2020 @ 13:29:15.651","0.49440319171834873"
"Nov 5, 2020 @ 13:29:10.607","0.49640541283973943"
"Nov 5, 2020 @ 13:29:05.542","0.49794168008742506"
"Nov 5, 2020 @ 13:29:00.468","0.4988721506136435"
"Nov 5, 2020 @ 13:28:55.416","0.5"
"Nov 5, 2020 @ 13:28:05.262","0.49785136820033743"
"Nov 5, 2020 @ 13:28:00.209","0.49828154578562134"
"Nov 5, 2020 @ 13:27:55.168","0.49871092316751126"
"Nov 5, 2020 @ 13:27:50.123","0.4991407428750285"
"Nov 5, 2020 @ 13:27:45.070","0.49957122437512436"
"Nov 5, 2020 @ 13:27:40.033","0.5"
"Nov 5, 2020 @ 13:27:31.706","0.49963986832433277"
"Nov 5, 2020 @ 13:27:26.649","0.5"
"Nov 5, 2020 @ 13:25:40.128","0.49953801205986453"
"Nov 5, 2020 @ 13:25:35.079","0.4995987892584706"
"Nov 5, 2020 @ 13:25:30.035","0.4996595028037312"
"Nov 5, 2020 @ 13:25:24.933","0.4997209450047363"
"Nov 5, 2020 @ 13:25:19.862","0.49971155310880633"
"Nov 5, 2020 @ 13:25:14.787","0.4997726373300546"
"Nov 5, 2020 @ 13:25:09.714","0.49983370525053633"
"Nov 5, 2020 @ 13:25:04.670","0.4998943723845299"
"Nov 5, 2020 @ 13:24:59.598","0.4998849726066583"
"Nov 5, 2020 @ 13:24:54.495","0.49994639142409897"
"Nov 5, 2020 @ 13:24:49.424","0.4996382323677542"
"Nov 5, 2020 @ 13:24:44.346","0.49968696213569574"
"Nov 5, 2020 @ 13:24:39.237","0.4995166834970762"
"Nov 5, 2020 @ 13:24:34.157","0.49957787658333824"
"Nov 5, 2020 @ 13:24:29.077","0.4996389805807454"
"Nov 5, 2020 @ 13:24:24.031","0.49962964014393363"
"Nov 5, 2020 @ 13:24:18.987","0.499690354885923"
"Nov 5, 2020 @ 13:24:13.931","0.49958923174719966"
"Nov 5, 2020 @ 13:24:08.866","0.49965019339701494"
"Nov 5, 2020 @ 13:24:03.822","0.49969861100742236"
"Nov 5, 2020 @ 13:23:58.741","0.4997598061513692"
"Nov 5, 2020 @ 13:23:53.674","0.4998208101975268"
"Nov 5, 2020 @ 13:23:48.598","0.4996980422552062"
"Nov 5, 2020 @ 13:23:43.518","0.4997335645778429"
"Nov 5, 2020 @ 13:23:38.438","0.4996521471010058"
"Nov 5, 2020 @ 13:23:33.366","0.49962606762794987"
"Nov 5, 2020 @ 13:23:28.274","0.49954444339185344"
"Nov 5, 2020 @ 13:23:23.202","0.4995799099389228"
"Nov 5, 2020 @ 13:23:18.134","0.4996409221268541"
"Nov 5, 2020 @ 13:23:13.082","0.49923598721815765"
"Nov 5, 2020 @ 13:23:08.042","0.4991926423479322"
"Nov 5, 2020 @ 13:23:02.970","0.4992537338758269"
"Nov 5, 2020 @ 13:22:57.908","0.49931464278060894"
"Nov 5, 2020 @ 13:22:52.857","0.49937542708210186"
"Nov 5, 2020 @ 13:22:47.812","0.4993137169883621"
"Nov 5, 2020 @ 13:22:42.750","0.49932013268483916"
"Nov 5, 2020 @ 13:22:37.674","0.4993812322885009"
"Nov 5, 2020 @ 13:22:32.603","0.4994422721532971"
"Nov 5, 2020 @ 13:22:27.507","0.49950360137391875"
"Nov 5, 2020 @ 13:22:22.429","0.4995647260974062"
"Nov 5, 2020 @ 13:22:17.350","0.49962587327749547"
"Nov 5, 2020 @ 13:22:12.245","0.49963233874108737"
"Nov 5, 2020 @ 13:22:07.195","0.49969310220457575"
"Nov 5, 2020 @ 13:22:02.159","0.499753720683077"
"Nov 5, 2020 @ 13:21:57.111","0.4998021818224579"
"Nov 5, 2020 @ 13:21:52.037","0.49980861328288534"
"Nov 5, 2020 @ 13:21:46.935","0.4998700208103232"
"Nov 5, 2020 @ 13:21:41.888","0.49993073972794916"
"Nov 5, 2020 @ 13:21:36.846","0.49978641897065035"
"Nov 5, 2020 @ 13:21:31.803","0.4998471337097699"
"Nov 5, 2020 @ 13:21:26.738","0.49990813605123463"
"Nov 5, 2020 @ 13:21:21.661","0.4999692359619707"
"Nov 5, 2020 @ 13:21:16.619","0.500029903844996"
"Nov 5, 2020 @ 13:21:11.582","0.5000905272539051"
"Nov 5, 2020 @ 13:21:06.514","0.5001515258559511"
"Nov 5, 2020 @ 13:21:01.476","0.5000707550163184"
"Nov 5, 2020 @ 13:20:56.435","0.5000614191549357"
"Nov 5, 2020 @ 13:20:51.398","0.4996911585376711"
"Nov 5, 2020 @ 13:20:46.340","0.4992150764819774"
"Nov 5, 2020 @ 13:20:41.230","0.49927656233632056"
"Nov 5, 2020 @ 13:20:36.182","0.4993372782463402"
"Nov 5, 2020 @ 13:20:31.132","0.49908978100908175"
"Nov 5, 2020 @ 13:20:26.090","0.4991504590944354"
"Nov 5, 2020 @ 13:20:21.039","0.4991717527949617"
"Nov 5, 2020 @ 13:20:15.987","0.49923256398124"
"Nov 5, 2020 @ 13:20:10.935","0.499170778416757"
"Nov 5, 2020 @ 13:20:05.887","0.49923154140384973"
"Nov 5, 2020 @ 13:20:00.787","0.49922209281595525"
"Nov 5, 2020 @ 13:19:55.710","0.49928321240527523"
"Nov 5, 2020 @ 13:19:50.605","0.4992393172478525"
"Nov 5, 2020 @ 13:19:45.519","0.4991162594759593"
"Nov 5, 2020 @ 13:19:40.459","0.4988685101443723"
"Nov 5, 2020 @ 13:19:35.394","0.4989295123136458"
"Nov 5, 2020 @ 13:19:30.277","0.4989910936967946"
"Nov 5, 2020 @ 13:19:25.223","0.49905190635817753"
"Nov 5, 2020 @ 13:19:20.149","0.4991130183825643"
"Nov 5, 2020 @ 13:19:15.079","0.4991740102634138"
"Nov 5, 2020 @ 13:19:10.031","0.49859007430445057"
"Nov 5, 2020 @ 13:19:04.986","0.49865078891442677"
"Nov 5, 2020 @ 13:18:59.931","0.4987116483658973"
"Nov 5, 2020 @ 13:18:54.858","0.49877274264885113"
"Nov 5, 2020 @ 13:18:49.814","0.4987634084488928"
"Nov 5, 2020 @ 13:18:44.760","0.49832288212596154"
"Nov 5, 2020 @ 13:18:39.677","0.4983840628546355"
"Nov 5, 2020 @ 13:18:34.559","0.4979385690288247"
"Nov 5, 2020 @ 13:18:29.482","0.4979996726990686"
"Nov 5, 2020 @ 13:18:24.406","0.4980607735453768"
"Nov 5, 2020 @ 13:18:19.305","0.49809644411048526"
"Nov 5, 2020 @ 13:18:14.255","0.4980347203618566"
"Nov 5, 2020 @ 13:18:09.178","0.49804115504169727"
"Nov 5, 2020 @ 13:18:04.092","0.4981023649768679"
"Nov 5, 2020 @ 13:17:59.050","0.49816301955238357"
"Nov 5, 2020 @ 13:17:54.007","0.4980186065415086"
"Nov 5, 2020 @ 13:17:48.943","0.4980795621531526"
"Nov 5, 2020 @ 13:17:43.895","0.4981403250340607"
"Nov 5, 2020 @ 13:17:38.851","0.49820103995111115"
"Nov 5, 2020 @ 13:17:33.807","0.4982617548394631"
"Nov 5, 2020 @ 13:17:28.758","0.49832251744199546"
"Nov 5, 2020 @ 13:17:23.685","0.49834391750600143"
"Nov 5, 2020 @ 13:17:18.639","0.4984046114386848"
"Nov 5, 2020 @ 13:17:13.543","0.49846600469147256"
"Nov 5, 2020 @ 13:17:08.469","0.49836456138000784"
"Nov 5, 2020 @ 13:17:03.419","0.4976259277937715"
"Nov 5, 2020 @ 13:16:58.380","0.4976865694233791"
"Nov 5, 2020 @ 13:16:53.315","0.49774759704251137"
"Nov 5, 2020 @ 13:16:48.246","0.4977215437607104"
"Nov 5, 2020 @ 13:16:43.166","0.4976594156372563"
"Nov 5, 2020 @ 13:16:38.113","0.4977202020394818"
"Nov 5, 2020 @ 13:16:33.050","0.49767663260491973"
"Nov 5, 2020 @ 13:16:27.971","0.49773776522624336"
"Nov 5, 2020 @ 13:16:22.903","0.49779873749451564"
"Nov 5, 2020 @ 13:16:17.859","0.49778939676321277"
"Nov 5, 2020 @ 13:16:12.819","0.49785006351838573"
"Nov 5, 2020 @ 13:16:07.706","0.4979116392823619"
"Nov 5, 2020 @ 13:16:02.633","0.49797269505475467"
"Nov 5, 2020 @ 13:15:57.562","0.49802138615290936"
"Nov 5, 2020 @ 13:15:52.458","0.49787525500706376"
"Nov 5, 2020 @ 13:15:47.378","0.497936402930445"
"Nov 5, 2020 @ 13:15:42.306","0.4978743728026149"
"Nov 5, 2020 @ 13:15:37.222","0.49781219560845263"
"Nov 5, 2020 @ 13:15:32.137","0.4978734232764466"
"Nov 5, 2020 @ 13:15:27.088","0.49793413623625715"
"Nov 5, 2020 @ 13:15:22.047","0.497714744116302"
"Nov 5, 2020 @ 13:15:16.999","0.49777551089734073"
"Nov 5, 2020 @ 13:15:11.947","0.49783632217545437"
"Nov 5, 2020 @ 13:15:06.876","0.4976419940478895"
"Nov 5, 2020 @ 13:15:01.830","0.49770268101830883"
"Nov 5, 2020 @ 13:14:56.784","0.49776346850533887"
"Nov 5, 2020 @ 13:14:51.702","0.4978246387446991"
"Nov 5, 2020 @ 13:14:46.621","0.4978857873051878"
"Nov 5, 2020 @ 13:14:41.552","0.4979468230947923"
"Nov 5, 2020 @ 13:14:36.477","0.49800789066228207"
"Nov 5, 2020 @ 13:14:31.367","0.4980694191741242"
"Nov 5, 2020 @ 13:14:26.319","0.4981301294936697"
"Nov 5, 2020 @ 13:14:21.246","0.49819123891222966"
"Nov 5, 2020 @ 13:14:16.203","0.4982519072085138"
"Nov 5, 2020 @ 13:14:11.159","0.49831262203085913"
"Nov 5, 2020 @ 13:14:06.115","0.4983733368790331"
"Nov 5, 2020 @ 13:14:01.044","0.49800033797326093"
"Nov 5, 2020 @ 13:13:55.970","0.4980614141962281"
"Nov 5, 2020 @ 13:13:50.911","0.4981222756078085"
"Nov 5, 2020 @ 13:13:45.835","0.49818342275058963"
"Nov 5, 2020 @ 13:13:40.783","0.4982047160963834"
"Nov 5, 2020 @ 13:13:35.710","0.49826576776775594"
"Nov 5, 2020 @ 13:13:30.605","0.4983272051244487"
"Nov 5, 2020 @ 13:13:25.530","0.4983883084244815"
"Nov 5, 2020 @ 13:13:20.454","0.49844940570930185"
"Nov 5, 2020 @ 13:13:15.410","0.4985100735837176"
"Nov 5, 2020 @ 13:13:10.363","0.4985708364617558"
"Nov 5, 2020 @ 13:13:05.292","0.4986063140872483"
"Nov 5, 2020 @ 13:13:00.250","0.4984844542568294"
"Nov 5, 2020 @ 13:12:55.199","0.4985452652852658"
"Nov 5, 2020 @ 13:12:50.128","0.4986063631871046"
"Nov 5, 2020 @ 13:12:45.075","0.4986276407317254"
"Nov 5, 2020 @ 13:12:40.034","0.4986883073118373"
"Nov 5, 2020 @ 13:12:34.967","0.4987493108471609"
"Nov 5, 2020 @ 13:12:29.894","0.49881040929140197"
"Nov 5, 2020 @ 13:12:24.851","0.4988710776135148"
"Nov 5, 2020 @ 13:12:19.772","0.4989322722351484"
"Nov 5, 2020 @ 13:12:14.725","0.49899296507154783"
"Nov 5, 2020 @ 13:12:09.651","0.49905407391039747"
"Nov 5, 2020 @ 13:12:04.599","0.49911485169732345"
"Nov 5, 2020 @ 13:11:59.528","0.499163572081061"
"Nov 5, 2020 @ 13:11:54.482","0.4992242502898183"
"Nov 5, 2020 @ 13:11:49.443","0.4992849119510017"
"Nov 5, 2020 @ 13:11:44.366","0.49930632484064824"
"Nov 5, 2020 @ 13:11:39.281","0.4993127676312357"
"Nov 5, 2020 @ 13:11:34.218","0.4990356847960309"
"Nov 5, 2020 @ 13:11:29.160","0.49909659213961277"
"Nov 5, 2020 @ 13:11:24.103","0.49915740411223086"
"Nov 5, 2020 @ 13:11:19.051","0.4992182141964855"
"Nov 5, 2020 @ 13:11:14.007","0.49927893041644933"
"Nov 5, 2020 @ 13:11:08.960","0.49933967650297617"
"Nov 5, 2020 @ 13:11:03.900","0.49923846514663195"
"Nov 5, 2020 @ 13:10:58.859","0.49915765758648756"
"Nov 5, 2020 @ 13:10:53.819","0.4992183242125171"
"Nov 5, 2020 @ 13:10:48.709","0.4992799041808283"
"Nov 5, 2020 @ 13:10:43.597","0.49934138925170146"
"Nov 5, 2020 @ 13:10:38.535","0.4991476026713848"
"Nov 5, 2020 @ 13:10:33.459","0.4992087346929091"
"Nov 5, 2020 @ 13:10:28.415","0.4992694086112358"
"Nov 5, 2020 @ 13:10:23.316","0.4993308422772973"
"Nov 5, 2020 @ 13:10:18.240","0.49939193629909445"
"Nov 5, 2020 @ 13:10:13.195","0.49945262105972676"
"Nov 5, 2020 @ 13:10:08.145","0.4995134059925874"
"Nov 5, 2020 @ 13:10:03.066","0.4995745778648942"
"Nov 5, 2020 @ 13:09:58.026","0.49963519899227"
"Nov 5, 2020 @ 13:09:52.975","0.49969600999774755"
"Nov 5, 2020 @ 13:09:47.923","0.49975682113523834"
"Nov 5, 2020 @ 13:09:42.881","0.4998175342241923"
"Nov 5, 2020 @ 13:09:37.838","0.49987820241716174"
"Nov 5, 2020 @ 13:09:32.795","0.4999389172710754"
"Nov 5, 2020 @ 13:09:27.714","0.5"
"Nov 5, 2020 @ 12:54:19.994","0.3002391108610117"
"Nov 5, 2020 @ 12:54:14.943","0.3"
"Nov 5, 2020 @ 12:54:09.883","0.3"
"Nov 5, 2020 @ 12:54:04.835","0.3"
"Nov 5, 2020 @ 12:53:59.779","0.3"
"Nov 5, 2020 @ 12:53:54.734","0.3"
"Nov 5, 2020 @ 12:53:49.687","0.3"
"Nov 5, 2020 @ 12:53:44.627","0.3"
"Nov 5, 2020 @ 12:53:39.555","0.3"
"Nov 5, 2020 @ 12:53:34.507","0.3"
"Nov 5, 2020 @ 12:53:29.459","0.3"
"Nov 5, 2020 @ 12:53:24.418","0.3"
"Nov 5, 2020 @ 12:53:19.350","0.3"
"Nov 5, 2020 @ 12:53:14.266","0.3"
"Nov 5, 2020 @ 12:53:09.162","0.3"
"Nov 5, 2020 @ 12:53:04.119","0.3"
"Nov 5, 2020 @ 12:52:59.047","0.3"
"Nov 5, 2020 @ 12:52:54.003","0.3"
"Nov 5, 2020 @ 12:52:48.925","0.3"
"Nov 5, 2020 @ 12:52:43.868","0.3"
"Nov 5, 2020 @ 12:52:38.823","0.3"
"Nov 5, 2020 @ 12:52:33.771","0.3"
"Nov 5, 2020 @ 12:52:28.698","0.3"
"Nov 5, 2020 @ 12:52:23.625","0.3"
"Nov 5, 2020 @ 12:52:18.511","0.3"
"Nov 5, 2020 @ 12:52:13.438","0.3"
"Nov 5, 2020 @ 12:52:08.322","0.3"
"Nov 5, 2020 @ 12:52:03.238","0.3"
"Nov 5, 2020 @ 12:51:58.189","0.3"
"Nov 5, 2020 @ 12:51:53.143","0.3"
"Nov 5, 2020 @ 12:51:48.099","0.3"
"Nov 5, 2020 @ 12:51:43.049","0.3"
"Nov 5, 2020 @ 12:51:37.977","0.3"
"Nov 5, 2020 @ 12:51:32.925","0.3"
"Nov 5, 2020 @ 12:51:27.874","0.3"
"Nov 5, 2020 @ 12:51:22.802","0.3"
"Nov 5, 2020 @ 12:51:17.748","0.3"
"Nov 5, 2020 @ 12:51:12.668","0.3"
"Nov 5, 2020 @ 12:51:07.590","0.3"
"Nov 5, 2020 @ 12:51:02.506","0.3"
"Nov 5, 2020 @ 12:50:57.418","0.3"
"Nov 5, 2020 @ 12:50:52.311","0.3"
"Nov 5, 2020 @ 12:50:47.245","0.3"
"Nov 5, 2020 @ 12:50:42.179","0.3"
"Nov 5, 2020 @ 12:50:37.130","0.3"
"Nov 5, 2020 @ 12:50:32.057","0.3"
"Nov 5, 2020 @ 12:50:27.011","0.3"
"Nov 5, 2020 @ 12:50:21.951","0.3"
"Nov 5, 2020 @ 12:50:16.894","0.3"
"Nov 5, 2020 @ 12:50:11.847","0.3"
"Nov 5, 2020 @ 12:50:06.771","0.3"
"Nov 5, 2020 @ 12:50:01.686","0.3"
"Nov 5, 2020 @ 12:49:56.609","0.3"
"Nov 5, 2020 @ 12:49:51.533","0.3"
"Nov 5, 2020 @ 12:49:46.450","0.3"
"Nov 5, 2020 @ 12:49:41.378","0.3"
"Nov 5, 2020 @ 12:49:36.310","0.3001011009108008"
"Nov 5, 2020 @ 12:49:31.237","0.3007495120880651"
"Nov 5, 2020 @ 12:49:26.190","0.30139371354556554"
"Nov 5, 2020 @ 12:49:21.151","0.3020377160692527"
"Nov 5, 2020 @ 12:49:16.103","0.3025410561464654"
"Nov 5, 2020 @ 12:49:11.059","0.3031855671547281"
"Nov 5, 2020 @ 12:49:05.995","0.30333079401072466"
"Nov 5, 2020 @ 12:49:00.939","0.30385414803302074"
"Nov 5, 2020 @ 12:48:55.887","0.3044128026661845"
"Nov 5, 2020 @ 12:48:50.839","0.30505793280643606"
"Nov 5, 2020 @ 12:48:45.798","0.30563193320938997"
"Nov 5, 2020 @ 12:48:40.734","0.3062400295978598"
"Nov 5, 2020 @ 12:48:35.641","0.30686481183878983"
"Nov 5, 2020 @ 12:48:30.543","0.3072597771096016"
"Nov 5, 2020 @ 12:48:25.502","0.3078910001459738"
"Nov 5, 2020 @ 12:48:20.415","0.30854099758429865"
"Nov 5, 2020 @ 12:48:15.302","0.3090892348006628"
"Nov 5, 2020 @ 12:48:10.255","0.3096943052030664"
"Nov 5, 2020 @ 12:48:05.203","0.3103398402787309"
"Nov 5, 2020 @ 12:48:00.152","0.3102640557910823"
"Nov 5, 2020 @ 12:47:55.103","0.31090919016591273"
"Nov 5, 2020 @ 12:47:50.059","0.3113709920214787"
"Nov 5, 2020 @ 12:47:45.015","0.3116786815532842"
"Nov 5, 2020 @ 12:47:39.943","0.3123267715423106"
"Nov 5, 2020 @ 12:47:34.891","0.3127180186777688"
"Nov 5, 2020 @ 12:47:29.838","0.31336354887909795"
"Nov 5, 2020 @ 12:47:24.798","0.31364075846270967"
"Nov 5, 2020 @ 12:47:19.755","0.3141437012000974"
"Nov 5, 2020 @ 12:47:14.712","0.3147880353309144"
"Nov 5, 2020 @ 12:47:09.662","0.31543323331582174"
"Nov 5, 2020 @ 12:47:04.619","0.315395875935016"
"Nov 5, 2020 @ 12:46:59.559","0.3159721731751408"
"Nov 5, 2020 @ 12:46:54.506","0.3166177073064028"
"Nov 5, 2020 @ 12:46:49.458","0.31726272789596643"
"Nov 5, 2020 @ 12:46:44.415","0.3178949445910307"
"Nov 5, 2020 @ 12:46:39.364","0.31854038598806184"
"Nov 5, 2020 @ 12:46:34.323","0.31830181163483334"
"Nov 5, 2020 @ 12:46:29.251","0.3188957269784875"
"Nov 5, 2020 @ 12:46:24.193","0.319541499342892"
"Nov 5, 2020 @ 12:46:19.155","0.3199566878775757"
"Nov 5, 2020 @ 12:46:14.103","0.32032155454754846"
"Nov 5, 2020 @ 12:46:09.028","0.32060078445749063"
"Nov 5, 2020 @ 12:46:03.982","0.3211586925293454"
"Nov 5, 2020 @ 12:45:58.906","0.32172040528984897"
"Nov 5, 2020 @ 12:45:53.851","0.3223659252550738"
"Nov 5, 2020 @ 12:45:48.781","0.3230138217025204"
"Nov 5, 2020 @ 12:45:43.716","0.32315914066625206"
"Nov 5, 2020 @ 12:45:38.613","0.3238111174503224"
"Nov 5, 2020 @ 12:45:33.567","0.32445563653170306"
"Nov 5, 2020 @ 12:45:28.497","0.32507813171911787"
"Nov 5, 2020 @ 12:45:23.443","0.3256197811878205"
"Nov 5, 2020 @ 12:45:18.370","0.32626777085693154"
"Nov 5, 2020 @ 12:45:13.258","0.3269211298197323"
"Nov 5, 2020 @ 12:45:08.197","0.32756768850582973"
"Nov 5, 2020 @ 12:45:03.118","0.32801017699765184"
"Nov 5, 2020 @ 12:44:58.072","0.32840070390375364"
"Nov 5, 2020 @ 12:44:53.035","0.3290444221927581"
"Nov 5, 2020 @ 12:44:47.991","0.3292574099937482"
"Nov 5, 2020 @ 12:44:42.935","0.329780761350723"
"Nov 5, 2020 @ 12:44:37.886","0.3304257835853748"
"Nov 5, 2020 @ 12:44:32.809","0.3307051860947728"
"Nov 5, 2020 @ 12:44:27.739","0.3304191268051918"
"Nov 5, 2020 @ 12:44:22.665","0.33106720533953"
"Nov 5, 2020 @ 12:44:17.586","0.33171641535943636"
"Nov 5, 2020 @ 12:44:12.506","0.3323257086718971"
"Nov 5, 2020 @ 12:44:07.401","0.33297787686502545"
"Nov 5, 2020 @ 12:44:02.322","0.33362698702198545"
"Nov 5, 2020 @ 12:43:57.240","0.33420593623633793"
"Nov 5, 2020 @ 12:43:52.187","0.3348510455388057"
"Nov 5, 2020 @ 12:43:47.139","0.33549606801717424"
"Nov 5, 2020 @ 12:43:42.058","0.3357107396802198"
"Nov 5, 2020 @ 12:43:37.007","0.33635577748228024"
"Nov 5, 2020 @ 12:43:31.933","0.3370043582559517"
"Nov 5, 2020 @ 12:43:26.879","0.3376499103003963"
"Nov 5, 2020 @ 12:43:21.802","0.3382990143949016"
"Nov 5, 2020 @ 12:43:16.681","0.3389532433656412"
"Nov 5, 2020 @ 12:43:11.606","0.33960178020936493"
"Nov 5, 2020 @ 12:43:06.526","0.34025093962757696"
"Nov 5, 2020 @ 12:43:01.485","0.34086923962062515"
"Nov 5, 2020 @ 12:42:56.417","0.34137480536189785"
"Nov 5, 2020 @ 12:42:51.310","0.3417957348794252"
"Nov 5, 2020 @ 12:42:46.217","0.34244638185340603"
"Nov 5, 2020 @ 12:42:41.174","0.34309039260253416"
"Nov 5, 2020 @ 12:42:36.134","0.343480704955732"
"Nov 5, 2020 @ 12:42:31.087","0.3440556237351317"
"Nov 5, 2020 @ 12:42:26.047","0.34469962394350956"
"Nov 5, 2020 @ 12:42:20.994","0.34534515737408583"
"Nov 5, 2020 @ 12:42:15.948","0.3459900381311528"
"Nov 5, 2020 @ 12:42:10.879","0.3464316099120377"
"Nov 5, 2020 @ 12:42:05.837","0.34707583970161265"
"Nov 5, 2020 @ 12:42:00.790","0.34766628019797885"
"Nov 5, 2020 @ 12:41:55.735","0.34820840106122325"
"Nov 5, 2020 @ 12:41:50.649","0.34881832156402887"
"Nov 5, 2020 @ 12:41:45.574","0.34921138325943796"
"Nov 5, 2020 @ 12:41:40.511","0.34985795620296645"
"Nov 5, 2020 @ 12:41:35.427","0.3505080763526849"
"Nov 5, 2020 @ 12:41:30.337","0.3511582073782641"
"Nov 5, 2020 @ 12:41:25.263","0.3518067322494015"
"Nov 5, 2020 @ 12:41:20.194","0.3524543840356759"
"Nov 5, 2020 @ 12:41:15.156","0.3530854394252025"
"Nov 5, 2020 @ 12:41:10.107","0.3531592842849372"
"Nov 5, 2020 @ 12:41:05.040","0.35380715477654784"
"Nov 5, 2020 @ 12:40:59.991","0.3544518832106337"
"Nov 5, 2020 @ 12:40:54.939","0.3550719306673045"
"Nov 5, 2020 @ 12:40:49.886","0.35571746364091195"
"Nov 5, 2020 @ 12:40:44.848","0.35623902061969065"
"Nov 5, 2020 @ 12:40:39.765","0.356889147258368"
"Nov 5, 2020 @ 12:40:34.685","0.35753790950963915"
"Nov 5, 2020 @ 12:40:29.606","0.3579312797771765"
"Nov 5, 2020 @ 12:40:24.567","0.3584334313532996"
"Nov 5, 2020 @ 12:40:19.469","0.35877384657703015"
"Nov 5, 2020 @ 12:40:14.365","0.3594260232088517"
"Nov 5, 2020 @ 12:40:09.298","0.35991123169215966"
"Nov 5, 2020 @ 12:40:04.200","0.36049183684606473"
"Nov 5, 2020 @ 12:39:59.146","0.36113712668172965"
"Nov 5, 2020 @ 12:39:54.087","0.3617441084560039"
"Nov 5, 2020 @ 12:39:49.044","0.3622268331266926"
"Nov 5, 2020 @ 12:39:43.970","0.362875588949934"
"Nov 5, 2020 @ 12:39:38.877","0.3635263123291221"
"Nov 5, 2020 @ 12:39:33.830","0.36417084067174"
"Nov 5, 2020 @ 12:39:28.758","0.3648192931894614"
"Nov 5, 2020 @ 12:39:23.684","0.3653629941465699"
"Nov 5, 2020 @ 12:39:18.609","0.36601138908620445"
"Nov 5, 2020 @ 12:39:13.493","0.36660999705404834"
"Nov 5, 2020 @ 12:39:08.421","0.36725808783515423"
"Nov 5, 2020 @ 12:39:03.382","0.367901644113436"
"Nov 5, 2020 @ 12:38:58.306","0.36838795028697735"
"Nov 5, 2020 @ 12:38:53.238","0.3690231817564391"
"Nov 5, 2020 @ 12:38:48.183","0.3696687185990502"
"Nov 5, 2020 @ 12:38:43.108","0.37021275916764856"
"Nov 5, 2020 @ 12:38:38.052","0.3708584040681825"
"Nov 5, 2020 @ 12:38:33.010","0.3714330036070915"
"Nov 5, 2020 @ 12:38:27.959","0.3720780405561433"
"Nov 5, 2020 @ 12:38:22.884","0.3724169162757935"
"Nov 5, 2020 @ 12:38:17.839","0.37217825514698705"
"Nov 5, 2020 @ 12:38:12.768","0.3727718986925895"
"Nov 5, 2020 @ 12:38:07.685","0.3733956683831371"
"Nov 5, 2020 @ 12:38:02.613","0.3740437582807697"
"Nov 5, 2020 @ 12:37:57.536","0.3746804898159548"
"Nov 5, 2020 @ 12:37:52.455","0.375274709959518"
"Nov 5, 2020 @ 12:37:47.376","0.3759236796442248"
"Nov 5, 2020 @ 12:37:42.301","0.3764673778936374"
"Nov 5, 2020 @ 12:37:37.181","0.37699735449895505"
"Nov 5, 2020 @ 12:37:32.106","0.3773904644226073"
"Nov 5, 2020 @ 12:37:27.059","0.37803498277283765"
"Nov 5, 2020 @ 12:37:21.987","0.37859614257379587"
"Nov 5, 2020 @ 12:37:16.928","0.3792423052506071"
"Nov 5, 2020 @ 12:37:11.871","0.3798016422627463"
"Nov 5, 2020 @ 12:37:06.789","0.3804512489012309"
"Nov 5, 2020 @ 12:37:01.722","0.38109883701649916"
"Nov 5, 2020 @ 12:36:56.649","0.38174691664756283"
"Nov 5, 2020 @ 12:36:51.574","0.3823954732323449"
"Nov 5, 2020 @ 12:36:46.502","0.3830436080347923"
"Nov 5, 2020 @ 12:36:41.459","0.3836753355357635"
"Nov 5, 2020 @ 12:36:36.391","0.3841170210254407"
"Nov 5, 2020 @ 12:36:31.320","0.384765266140191"
"Nov 5, 2020 @ 12:36:26.250","0.38541287399651764"
"Nov 5, 2020 @ 12:36:21.158","0.3860511173715539"
"Nov 5, 2020 @ 12:36:16.115","0.3866085489805558"
"Nov 5, 2020 @ 12:36:11.045","0.3872568709574824"
"Nov 5, 2020 @ 12:36:05.986","0.38790276737372265"
"Nov 5, 2020 @ 12:36:00.942","0.38854768810033985"
"Nov 5, 2020 @ 12:35:55.887","0.38912306965218835"
"Nov 5, 2020 @ 12:35:50.843","0.38976758163531805"
"Nov 5, 2020 @ 12:35:45.774","0.3904156520051445"
"Nov 5, 2020 @ 12:35:40.689","0.39106535134739534"
"Nov 5, 2020 @ 12:35:35.606","0.39164418860899264"
"Nov 5, 2020 @ 12:35:30.499","0.39229689300947906"
"Nov 5, 2020 @ 12:35:25.376","0.3925787686532314"
"Nov 5, 2020 @ 12:35:20.301","0.39321449409815795"
"Nov 5, 2020 @ 12:35:15.237","0.39363161066252117"
"Nov 5, 2020 @ 12:35:10.157","0.3942810181234756"
"Nov 5, 2020 @ 12:35:05.077","0.3949301304129573"
"Nov 5, 2020 @ 12:35:00.031","0.3955045992362313"
"Nov 5, 2020 @ 12:34:54.990","0.3961485964895433"
"Nov 5, 2020 @ 12:34:49.942","0.3966318925005914"
"Nov 5, 2020 @ 12:34:44.852","0.3972825301828703"
"Nov 5, 2020 @ 12:34:39.812","0.3979140544157767"
"Nov 5, 2020 @ 12:34:34.771","0.3985582597727455"
"Nov 5, 2020 @ 12:34:29.723","0.39920328377434383"
"Nov 5, 2020 @ 12:34:24.683","0.39966471400195636"
"Nov 5, 2020 @ 12:34:19.634","0.40028428004144107"
"Nov 5, 2020 @ 12:34:14.578","0.4007885035424445"
"Nov 5, 2020 @ 12:34:09.520","0.40134790455233366"
"Nov 5, 2020 @ 12:34:04.472","0.40185124075456785"
"Nov 5, 2020 @ 12:33:59.423","0.4024709576685366"
"Nov 5, 2020 @ 12:33:54.370","0.4031169890429381"
"Nov 5, 2020 @ 12:33:49.290","0.40366126413376946"
"Nov 5, 2020 @ 12:33:44.187","0.4043129418164341"
"Nov 5, 2020 @ 12:33:39.144","0.40495724380710213"
"Nov 5, 2020 @ 12:33:34.070","0.40560591722361067"
"Nov 5, 2020 @ 12:33:29.027","0.40612768404708266"
"Nov 5, 2020 @ 12:33:23.988","0.40671727210240727"
"Nov 5, 2020 @ 12:33:18.876","0.4073711582550456"
"Nov 5, 2020 @ 12:33:13.826","0.4080156827286598"
"Nov 5, 2020 @ 12:33:08.782","0.4086601941329622"
"Nov 5, 2020 @ 12:33:03.715","0.40930801350498036"
"Nov 5, 2020 @ 12:32:58.647","0.4099556756492174"
"Nov 5, 2020 @ 12:32:53.570","0.4106044435364389"
"Nov 5, 2020 @ 12:32:48.481","0.4111997799964179"
"Nov 5, 2020 @ 12:32:43.389","0.41185042237024466"
"Nov 5, 2020 @ 12:32:38.295","0.4125013526040411"
"Nov 5, 2020 @ 12:32:33.206","0.41313930709457536"
"Nov 5, 2020 @ 12:32:28.162","0.4137290317881898"
"Nov 5, 2020 @ 12:32:23.085","0.4143781325315895"
"Nov 5, 2020 @ 12:32:18.042","0.4150221443165139"
"Nov 5, 2020 @ 12:32:12.998","0.4154615320163009"
"Nov 5, 2020 @ 12:32:07.952","0.41610642754869703"
"Nov 5, 2020 @ 12:32:02.905","0.4167513216492571"
"Nov 5, 2020 @ 12:31:57.858","0.4173960877071193"
"Nov 5, 2020 @ 12:31:52.819","0.41804004334579287"
"Nov 5, 2020 @ 12:31:47.738","0.41868969680836177"
"Nov 5, 2020 @ 12:31:42.661","0.4193383045127363"
"Nov 5, 2020 @ 12:31:37.618","0.419840851598173"
"Nov 5, 2020 @ 12:31:32.583","0.4204142568295429"
"Nov 5, 2020 @ 12:31:27.486","0.42062967216527475"
"Nov 5, 2020 @ 12:31:22.405","0.42073999096383535"
"Nov 5, 2020 @ 12:31:17.313","0.4213905517230088"
"Nov 5, 2020 @ 12:31:12.211","0.42204221508731327"
"Nov 5, 2020 @ 12:31:07.174","0.42237832415825954"
"Nov 5, 2020 @ 12:31:02.138","0.42302181707018116"
"Nov 5, 2020 @ 12:30:57.038","0.42363399537242913"
"Nov 5, 2020 @ 12:30:51.987","0.4242790999528845"
"Nov 5, 2020 @ 12:30:46.923","0.4248032812366133"
"Nov 5, 2020 @ 12:30:41.847","0.4254522532975586"
"Nov 5, 2020 @ 12:30:36.803","0.42602637635163915"
"Nov 5, 2020 @ 12:30:31.722","0.4266759850921808"
"Nov 5, 2020 @ 12:30:26.680","0.4272157504642859"
"Nov 5, 2020 @ 12:30:21.640","0.4276772334510622"
"Nov 5, 2020 @ 12:30:16.602","0.42801345276277863"
"Nov 5, 2020 @ 12:30:11.531","0.4286620423407184"
"Nov 5, 2020 @ 12:30:06.486","0.4293060519321919"
"Nov 5, 2020 @ 12:30:01.446","0.42995005140941944"
